1,102 Dalmatians,22/11/2000,2000,4.9,100,"Adventure, Comedy, Family",Kevin Lima
2,12 Rounds,19/03/2009,2009,5.6,108,"Action, Crime, Thriller",Renny Harlin
3,12 Rounds 2: Reloaded,04/06/2013,2013,5.3,95,"Action, Adventure, Thriller",Roel Reiné
4,21 Jump Street,12/03/2012,2012,7.2,109,"Action, Comedy, Crime","Christopher Miller, Phil Lord"
5,22 Jump Street,04/06/2014,2014,7,112,"Action, Comedy, Crime","Christopher Miller, Phil Lord"
6,28 Days Later...,01/11/2002,2002,7.6,113,"Drama, Horror, Sci-Fi, Thriller",Danny Boyle
7,28 Weeks Later,26/04/2007,2007,7,100,"Horror, Sci-Fi",Juan Carlos Fresnadillo
8,30 Days of Night,16/10/2007,2007,6.6,113,"Action, Horror, Thriller",David Slade
9,48 Hrs.,08/12/1982,1982,6.9,96,"Action, Comedy, Crime, Drama, Thriller",Walter Hill
10,Another 48 Hrs.,08/06/1990,1990,5.9,93,"Action, Comedy, Crime, Drama, Mystery, Thriller",Walter Hill
11,8MM,19/02/1999,1999,6.5,123,"Mystery, Thriller",Joel Schumacher
12,A Dog's Purpose,19/01/2017,2017,7.2,100,"Adventure, Comedy, Drama, Family, Fantasy",Lasse Hallström
13,A Dog's Journey,03/05/2019,2019,7.5,109,"Adventure, Comedy, Drama, Family, Fantasy",Gail Mancuso
14,A Good Day to Die Hard,06/02/2013,2013,5.3,98,"Action, Thriller",John Moore
15,A Haunted House,11/01/2013,2013,5,86,"Comedy, Fantasy",Michael Tiddes
16,A Haunted House 2,18/04/2014,2014,4.7,86,"Comedy, Fantasy",Michael Tiddes
17,A Nightmare on Elm Street,31/10/1984,1984,7.5,91,Horror,Wes Craven
18,A Nightmare on Elm Street Part 2: Freddy's Revenge,31/10/1985,1985,5.5,87,Horror,Jack Sholder
19,A Nightmare on Elm Street 3: Dream Warriors,27/02/1987,1987,6.6,96,"Fantasy, Horror",Chuck Russell
20,A Nightmare on Elm Street 4: The Dream Master,19/08/1988,1988,5.7,93,Horror,Renny Harlin
21,A Nightmare on Elm Street: The Dream Child,11/08/1989,1989,5.2,89,"Fantasy, Horror",Stephen Hopkins
22,A Nightmare on Elm Street,27/04/2010,2010,5.2,95,"Crime, Drama, Horror, Mystery",Samuel Bayer
23,AVP: Alien vs. Predator,12/08/2004,2004,5.6,101,"Action, Adventure, Horror, Sci-Fi, Thriller",Paul W.S. Anderson
24,AVPR: Aliens vs Predator - Requiem,25/12/2007,2007,4.7,94,"Action, Horror, Sci-Fi, Thriller","Greg Strause, Colin Strause"
25,Ace Ventura: Pet Detective,04/02/1994,1994,6.9,86,Comedy,Tom Shadyac
26,Ace Ventura: When Nature Calls,08/11/1995,1995,6.4,90,"Adventure, Comedy, Crime",Steve Oedekerk
27,Addams Family Values,19/11/1993,1993,6.7,94,"Comedy, Fantasy",Barry Sonnenfeld
28,Agent Cody Banks,14/03/2003,2003,5,102,"Action, Adventure, Comedy, Crime, Family, Romance, Thriller",Harald Zwart
29,Agent Cody Banks 2: Destination London,12/03/2004,2004,4.6,100,"Action, Adventure, Comedy, Family, Romance, Sci-Fi",Kevin Allen
30,Alice in Wonderland,25/02/2010,2010,6.4,108,"Adventure, Family, Fantasy",Tim Burton
31,Alice Through the Looking Glass,10/05/2016,2016,6.2,113,"Adventure, Family, Fantasy",James Bobin
32,Alien,25/05/1979,1979,8.4,117,"Horror, Sci-Fi",Ridley Scott
33,Aliens,14/07/1986,1986,8.3,137,"Action, Adventure, Sci-Fi, Thriller",James Cameron
34,Alien³,19/05/1992,1992,6.5,114,"Action, Horror, Sci-Fi",David Fincher
35,Alien: Resurrection,06/11/1997,1997,6.2,109,"Action, Horror, Sci-Fi",Jean-Pierre Jeunet
36,Alien: Covenant,04/05/2017,2017,6.4,122,"Horror, Sci-Fi, Thriller",Ridley Scott
37,Alone in the Dark,28/01/2005,2005,2.4,96,"Action, Horror, Sci-Fi",Uwe Boll
38,Alvin and the Chipmunks,13/12/2007,2007,5.2,92,"Animation, Comedy, Family, Fantasy, Music",Tim Hill
39,Alvin and the Chipmunks: The Squeakquel,11/12/2009,2009,4.5,88,"Animation, Comedy, Family, Fantasy, Music",Betty Thomas
40,Alvin and the Chipmunks: Chipwrecked,14/12/2011,2011,4.3,87,"Animation, Adventure, Comedy, Family, Music",Mike Mitchell
41,American Pie,07/07/1999,1999,7,95,Comedy,"Paul Weitz, Chris Weitz"
42,American Pie 2,06/08/2001,2001,6.4,108,Comedy,J.B. Rogers
43,American Psycho,21/01/2000,2000,7.6,101,"Comedy, Crime, Drama",Mary Harron
44,American Wedding,24/07/2003,2003,6.3,96,Comedy,Jesse Dylan
45,Anaconda,11/04/1997,1997,4.8,89,"Action, Adventure, Horror, Thriller",Luis Llosa
46,Anacondas: The Hunt for the Blood Orchid,25/08/2004,2004,4.7,97,"Action, Adventure, Horror, Thriller",Dwight H. Little
47,Analyze This,05/03/1999,1999,6.7,103,"Comedy, Crime",Harold Ramis
48,Analyze That,06/12/2002,2002,5.9,96,"Comedy, Crime",Harold Ramis
49,Anchorman: The Legend of Ron Burgundy,28/06/2004,2004,7.2,94,Comedy,Adam McKay
50,Anchorman 2: The Legend Continues,24/11/2013,2013,6.3,119,Comedy,Adam McKay
51,Angry Birds,01/05/2016,2016,6.3,97,"Animation, Action, Adventure, Comedy, Family","Fergal Reilly, Clay Kaytis"
52,The Angry Birds Movie 2,02/08/2019,2019,6.4,97,"Animation, Adventure, Comedy, Family","John Rice, Thurop Van Orman"
53,Annabelle,29/09/2014,2014,5.4,99,"Horror, Mystery, Thriller",John R. Leonetti
54,Annabelle: Creation,19/06/2017,2017,6.5,109,"Horror, Mystery, Thriller",David F. Sandberg
55,Annabelle Comes Home,17/06/2019,2019,5.9,106,"Horror, Mystery, Thriller",Gary Dauberman
56,Army of Darkness,09/10/1992,1992,7.5,81,"Comedy, Horror",Sam Raimi
57,Atlas Shrugged: Part I,15/04/2011,2011,5.6,97,"Drama, Mystery, Sci-Fi",Paul Johansson
58,Atlas Shrugged II: The Strike,12/10/2012,2012,5.4,111,"Drama, Mystery, Sci-Fi",John Putch
59,Austin Powers 4,29/03/1997,1997,7,94,"Adventure, Comedy",Jay Roach
60,Austin Powers: International Man of Mystery,29/04/1997,1997,7,94,"Adventure, Comedy",Jay Roach
61,Austin Powers: The Spy Who Shagged Me,08/06/1999,1999,6.6,95,"Action, Adventure, Comedy, Crime",Jay Roach
62,Austin Powers in Goldmember,22/07/2002,2002,6.2,94,"Action, Adventure, Comedy, Crime",Jay Roach
63,Back to the Future,03/07/1985,1985,8.5,116,"Adventure, Comedy, Sci-Fi",Robert Zemeckis
64,Back to the Future Part II,20/11/1989,1989,7.8,108,"Adventure, Comedy, Sci-Fi",Robert Zemeckis
65,Back to the Future Part III,25/05/1990,1990,7.4,118,"Adventure, Comedy, Sci-Fi, Western",Robert Zemeckis
66,Bad Ass,13/04/2012,2012,5.5,90,"Action, Comedy, Crime, Drama",Craig Moss
67,Bad Boys,06/04/1995,1995,6.9,119,"Action, Comedy, Crime, Thriller",Michael Bay
68,Bad Boys II,09/07/2003,2003,6.6,147,"Action, Comedy, Crime, Thriller",Michael Bay
69,Bad Boys for Life,07/01/2020,2020,6.7,124,"Action, Comedy, Crime, Thriller","Bilall Fallah, Adil El Arbi"
70,Bad Lieutenant,14/05/1992,1992,7.1,96,"Crime, Drama, Thriller",Abel Ferrara
71,The Bad Lieutenant: Port of Call - New Orleans,04/09/2009,2009,6.6,122,"Crime, Drama",Werner Herzog
72,Bad Santa,18/11/2003,2003,7,92,"Comedy, Crime, Drama",Terry Zwigoff
73,Bad Santa 2,23/11/2016,2016,5.6,92,"Comedy, Crime, Drama",Mark Waters
74,Balto,22/12/1995,1995,7.1,78,"Animation, Adventure, Drama, Family, History",Simon Wells
75,Bambi,08/08/1942,1942,7.3,70,"Animation, Drama, Family","Samuel Armstrong, Paul Satterfield, James Algar, Graham Heid, David Hand, Clyde Geronimi, Arthur Davis, Norman Wright, Bill Roberts"
76,Banlieue 13,10/11/2004,2004,7.2,84,"Action, Crime, Sci-Fi, Thriller",Pierre Morel
77,Banlieue 13: Ultimatum,18/02/2009,2009,6.5,101,"Action, Crime, Thriller",Patrick Alessandrin
78,Basic Instinct,20/03/1992,1992,7,127,"Drama, Mystery, Thriller",Paul Verhoeven
79,Basic Instinct 2,21/03/2006,2006,4.3,114,"Drama, Mystery, Thriller",Michael Caton-Jones
80,Batman,19/06/1989,1989,7.5,126,"Action, Adventure",Tim Burton
81,Batman Returns,16/06/1992,1992,7,126,"Action, Crime, Fantasy",Tim Burton
82,Batman Forever,09/06/1995,1995,5.4,121,"Action, Adventure",Joel Schumacher
83,Batman & Robin,12/06/1997,1997,3.7,125,"Action, Sci-Fi",Joel Schumacher
84,Batman Begins,31/05/2005,2005,8.2,140,"Action, Adventure",Christopher Nolan
85,The Dark Knight,14/07/2008,2008,9,152,"Action, Crime, Drama, Thriller",Christopher Nolan
86,The Dark Knight Rises,16/07/2012,2012,8.4,164,"Action, Adventure",Christopher Nolan
87,Batman v Superman: Dawn of Justice,12/03/2016,2016,6.5,151,"Action, Adventure, Sci-Fi",Zack Snyder
88,Battle for the Planet of the Apes,15/06/1973,1973,5.5,93,"Action, Sci-Fi",J. Lee Thompson
89,Beauty and the Beast,29/09/1991,1991,8,84,"Animation, Family, Fantasy, Musical, Romance","Kirk Wise, Gary Trousdale"
90,Before Sunrise,19/01/1995,1995,8.1,101,"Drama, Romance",Richard Linklater
91,Before Sunset,10/02/2004,2004,8,80,"Drama, Romance",Richard Linklater
92,Before Midnight,20/01/2013,2013,7.9,109,"Drama, Romance",Richard Linklater
93,Behind Enemy Lines,17/11/2001,2001,6.4,106,"Action, Drama, Thriller, War",John Moore
94,Beneath the Planet of the Apes,23/04/1970,1970,6.1,95,"Action, Adventure, Sci-Fi",Ted Post
95,Beverly Hills Chihuahua,18/09/2008,2008,3.8,91,"Adventure, Comedy, Drama, Family, Romance",Raja Gosnell
96,Beverly Hills Cop,01/12/1984,1984,7.3,105,"Action, Comedy, Crime, Thriller",Martin Brest
97,Beverly Hills Cop II,19/05/1987,1987,6.5,100,"Action, Comedy, Crime, Thriller",Tony Scott
98,Beverly Hills Cop III,25/05/1994,1994,5.6,104,"Action, Comedy, Crime, Thriller",John Landis
99,Big Momma's House,31/05/2000,2000,5.2,99,"Action, Comedy, Crime",Raja Gosnell
100,Big Momma's House 2,26/01/2006,2006,4.7,99,"Comedy, Crime",John Whitesell
101,"Big Mommas: Like Father, Like Son",16/02/2011,2011,4.4,107,"Action, Comedy, Crime",John Whitesell
102,Biohazard Regeneration,17/10/2008,2008,6.5,97,"Animation, Action, Horror, Sci-Fi, Thriller",Makoto Kamiya
103,Biohazard: Damnation,24/09/2012,2012,6.5,100,"Animation, Action, Horror, Sci-Fi, Thriller",Makoto Kamiya
104,Blade,19/08/1998,1998,7.1,120,"Action, Horror, Sci-Fi",Stephen Norrington
105,Blade II,21/03/2002,2002,6.7,117,"Action, Fantasy, Horror, Sci-Fi, Thriller",Guillermo del Toro
106,Blade: Trinity,07/12/2004,2004,5.9,113,"Action, Adventure, Fantasy, Horror, Sci-Fi",David S. Goyer
107,Blade Runner,25/06/1982,1982,8.1,117,"Action, Sci-Fi, Thriller",Ridley Scott
108,Blade Runner 2049,03/10/2017,2017,8,164,"Action, Drama, Mystery, Sci-Fi, Thriller",Denis Villeneuve
109,BloodRayne,23/10/2005,2005,2.9,95,"Action, Adventure, Fantasy, Horror",Uwe Boll
110,BloodRayne: The Third Reich,02/05/2011,2011,3,79,"Action, Adventure, Fantasy, Horror",Uwe Boll
111,Blue Crush,08/08/2002,2002,5.6,104,"Drama, Romance, Sport",John Stockwell
112,The Boogey Man,07/11/1980,1980,4.6,82,Horror,Ulli Lommel
113,Revenge of the Boogeyman,24/08/1983,1983,2,79,Horror,"Paul Willson, Ulli Lommel, Bruce Pearn"
114,Boogeyman,04/02/2005,2005,4.2,89,"Drama, Horror, Mystery, Thriller",Stephen Kay
115,Boogeyman 2,20/10/2007,2007,5,93,"Drama, Horror, Thriller",Jeff Betancourt
116,Brat,17/05/1997,1997,8,96,"Crime, Drama, Romance",Aleksey Balabanov
117,Brat 2,11/05/2000,2000,7.8,122,"Action, Crime, Thriller",Aleksey Balabanov
118,Bridget Jones's Diary,04/04/2001,2001,6.7,97,"Comedy, Drama, Romance",Sharon Maguire
119,Bridget Jones: The Edge of Reason,28/10/2004,2004,6,108,"Comedy, Drama, Romance",Beeban Kidron
120,Bridget Jones's Baby,05/09/2016,2016,6.5,123,"Comedy, Drama, Romance",Sharon Maguire
121,Brother Bear,20/10/2003,2003,6.8,85,"Animation, Adventure, Comedy, Family, Fantasy","Aaron Blaise, Robert Walker"
122,Candyman,11/09/1992,1992,6.6,99,"Horror, Thriller",Bernard Rose
123,Candyman: Farewell to the Flesh,17/03/1995,1995,5.3,95,"Horror, Thriller",Bill Condon
124,Captain America: The First Avenger,19/07/2011,2011,6.9,124,"Action, Adventure, Sci-Fi",Joe Johnston
125,Captain America: The Winter Soldier,13/03/2014,2014,7.7,136,"Action, Adventure, Sci-Fi, Thriller","Anthony Russo, Joe Russo"
126,Captain America: Civil War,12/04/2016,2016,7.8,147,"Action, Adventure, Sci-Fi","Anthony Russo, Joe Russo"
127,Cars,14/03/2006,2006,7.1,117,"Animation, Comedy, Family, Sport","John Lasseter, Joe Ranft"
128,Cars 2,18/06/2011,2011,6.1,106,"Animation, Adventure, Comedy, Family, Sport","John Lasseter, Bradford Lewis"
129,Cars 3,10/06/2017,2017,6.7,102,"Animation, Adventure, Comedy, Family, Sport",Brian Fee
130,Cat People,05/12/1942,1942,7.3,73,"Fantasy, Horror, Thriller",Jacques Tourneur
131,The Curse of the Cat People,03/03/1944,1944,6.9,70,"Drama, Horror, Mystery","Gunther von Fritsch, Robert Wise"
132,Charlie's Angels,22/10/2000,2000,5.5,98,"Action, Adventure, Comedy, Crime, Thriller",McG
133,Charlie's Angels: Full Throttle,18/06/2003,2003,4.9,106,"Action, Adventure, Comedy, Crime",McG
134,Cheaper by the Dozen,25/12/2003,2003,5.9,98,"Comedy, Family",Shawn Levy
135,Cheaper by the Dozen 2,21/12/2005,2005,5.5,94,"Adventure, Comedy, Family",Adam Shankman
136,Child's Play,09/11/1988,1988,6.6,87,"Horror, Thriller",Tom Holland
137,Child's Play 2,09/11/1990,1990,5.8,84,"Horror, Thriller",John Lafia
138,Child's Play 3,30/08/1991,1991,5.1,90,"Horror, Thriller",Jack Bender
139,Cidade de Deus,18/05/2002,2002,8.6,130,"Crime, Drama","Kátia Lund, Fernando Meirelles"
140,Cidade dos Homens,31/08/2007,2007,7.2,106,"Crime, Drama",Paulo Morelli
141,Clash of the Titans,26/03/2010,2010,5.8,106,"Action, Adventure, Fantasy",Louis Leterrier
142,Class of 1999,30/04/1990,1990,5.9,99,"Action, Horror, Sci-Fi",Mark L. Lester
143,Class of 1999 II: The Substitute,29/03/1994,1994,4.4,87,"Action, Horror, Sci-Fi, Thriller",Spiro Razatos
144,Clerks,31/01/1994,1994,7.7,92,Comedy,Kevin Smith
145,Clerks II,26/05/2006,2006,7.3,97,Comedy,Kevin Smith
146,Cloverfield,16/01/2008,2008,7,85,"Action, Adventure, Horror, Mystery, Sci-Fi, Thriller",Matt Reeves
147,10 Cloverfield Lane,08/03/2016,2016,7.2,103,"Drama, Horror, Mystery, Sci-Fi, Thriller",Dan Trachtenberg
148,Cocoon,21/06/1985,1985,6.7,117,"Comedy, Drama, Sci-Fi",Ron Howard
149,Cocoon: The Return,23/11/1988,1988,5.4,116,"Adventure, Comedy, Mystery, Romance, Sci-Fi",Daniel Petrie
150,Conquest of the Planet of the Apes,29/06/1972,1972,6.1,88,"Action, Sci-Fi",J. Lee Thompson
151,Crank,31/08/2006,2006,6.9,88,"Action, Crime, Thriller","Brian Taylor, Mark Neveldine"
152,Crank: High Voltage,16/04/2009,2009,6.2,96,"Action, Thriller","Brian Taylor, Mark Neveldine"
153,Critters,11/04/1986,1986,6.1,86,"Comedy, Horror, Sci-Fi",Stephen Herek
154,Critters 2,29/04/1988,1988,5.5,86,"Comedy, Horror, Sci-Fi, Thriller",Mick Garris
155,Critters 3,16/08/1991,1991,4.4,86,"Comedy, Horror, Sci-Fi, Thriller",Kristine Peterson
156,Critters 4,20/08/1992,1992,4.1,87,"Horror, Sci-Fi",Rupert Harvey
157,Cruel Intentions,05/03/1999,1999,6.8,97,"Drama, Romance",Roger Kumble
158,Cube,09/09/1997,1997,7.2,90,"Drama, Mystery, Sci-Fi, Thriller",Vincenzo Natali
159,Cube 2: Hypercube,29/07/2002,2002,5.6,94,"Drama, Mystery, Sci-Fi, Thriller",Andrzej Sekula
160,Cube Zero,15/10/2004,2004,5.7,97,"Drama, Mystery, Sci-Fi, Thriller",Ernie Barbarash
161,Damien: Omen II,05/06/1978,1978,6.3,107,Horror,"Don Taylor, Mike Hodges"
162,Daredevil,09/02/2003,2003,5.3,103,"Action, Crime",Mark Steven Johnson
163,Darkman,24/08/1990,1990,6.4,96,"Action, Sci-Fi, Thriller",Sam Raimi
164,Dawn of the Planet of the Apes,26/06/2014,2014,7.6,130,"Action, Adventure, Drama, Sci-Fi",Matt Reeves
165,Deadpool,21/01/2016,2016,8,108,"Action, Adventure, Comedy, Sci-Fi",Tim Miller
166,Deadpool 2,01/05/2018,2018,7.7,119,"Action, Adventure, Comedy, Sci-Fi",David Leitch
167,Death Race,21/08/2008,2008,6.4,105,"Action, Sci-Fi, Thriller",Paul W.S. Anderson
168,Despicable Me,20/06/2010,2010,7.6,95,"Animation, Comedy, Family, Fantasy","Chris Renaud, Pierre Coffin"
169,Despicable Me 2,16/06/2013,2013,7.3,98,"Animation, Adventure, Comedy, Family, Fantasy, Sci-Fi","Chris Renaud, Pierre Coffin"
170,Despicable Me 3,14/06/2017,2017,6.3,89,"Animation, Adventure, Comedy, Family, Fantasy, Sci-Fi","Eric Guillon, Kyle Balda, Pierre Coffin"
171,Deuce Bigalow: Male Gigolo,02/12/1999,1999,5.7,88,"Comedy, Romance",Mike Mitchell
172,Deuce Bigalow: European Gigolo,06/08/2005,2005,4.7,83,Comedy,Mike Bigelow
173,Die Hard,12/07/1988,1988,8.2,132,"Action, Thriller",John McTiernan
174,Die Hard 2,02/07/1990,1990,7.2,124,"Action, Thriller",Renny Harlin
175,Die Hard: With a Vengeance,15/05/1995,1995,7.6,128,"Action, Adventure, Thriller",John McTiernan
176,Dirty Dancing,12/05/1987,1987,7,100,"Drama, Music, Romance",Emile Ardolino
177,Dirty Dancing: Havana Nights,27/02/2004,2004,6,86,"Drama, Music, Romance",Guy Ferland
178,Dirty Harry,21/12/1971,1971,7.7,102,"Action, Crime, Thriller",Don Siegel
179,Divergent,18/03/2014,2014,6.7,139,"Action, Adventure, Mystery, Sci-Fi",Neil Burger
180,Insurgent,11/03/2015,2015,6.2,119,"Action, Adventure, Sci-Fi, Thriller",Robert Schwentke
181,Allegiant,08/03/2016,2016,5.7,120,"Action, Adventure, Mystery, Sci-Fi, Thriller",Robert Schwentke
182,Doctor Dolittle,13/06/1998,1998,5.4,85,"Comedy, Family, Fantasy",Betty Thomas
183,Dr. Dolittle 2,19/06/2001,2001,4.7,87,"Comedy, Family, Fantasy",Steve Carr
184,Dolphin Tale,21/09/2011,2011,6.9,113,"Drama, Family",Charles Martin Smith
185,Dolphin Tale 2,11/09/2014,2014,6.4,107,"Drama, Family",Charles Martin Smith
186,Dominion: Prequel to the Exorcist,18/03/2005,2005,5.2,117,"Drama, Horror, Thriller",Paul Schrader
187,Dumb and Dumber,06/12/1994,1994,7.3,107,Comedy,"Bobby Farrelly, Peter Farrelly"
188,Dumb and Dumberer: When Harry Met Lloyd,13/06/2003,2003,3.4,85,Comedy,Troy Miller
189,Dumb and Dumber To,03/11/2014,2014,5.6,109,Comedy,"Bobby Farrelly, Peter Farrelly"
190,Elektra,08/01/2005,2005,4.7,97,"Action, Adventure, Crime, Fantasy",Rob Bowman
191,Elizabeth,08/09/1998,1998,7.4,124,"Biography, Drama, History",Shekhar Kapur
192,Elizabeth: The Golden Age,09/09/2007,2007,6.8,114,"Biography, Drama, History, War",Shekhar Kapur
193,Escape from the Planet of the Apes,26/05/1971,1971,6.3,98,"Action, Sci-Fi",Don Taylor
194,Fantastic Four,29/06/2005,2005,5.7,106,"Action, Adventure, Family, Fantasy, Sci-Fi",Tim Story
195,Fantastic Four: Rise of the Silver Surfer,12/06/2007,2007,5.6,92,"Action, Adventure, Family, Fantasy, Sci-Fi",Tim Story
196,Furious 6,07/05/2013,2013,7.1,130,"Action, Adventure, Thriller",Justin Lin
197,Fast & Furious 7,16/03/2015,2015,7.1,137,"Action, Adventure, Thriller",James Wan
198,Father of the Bride,20/12/1991,1991,6.5,105,"Comedy, Family, Romance",Charles Shyer
199,Father of the Bride Part II,08/12/1995,1995,6,106,"Comedy, Family, Romance",Charles Shyer
200,Final Destination,16/03/2000,2000,6.7,98,"Horror, Thriller",James Wong
201,Final Destination 2,30/01/2003,2003,6.2,90,"Horror, Thriller",David R. Ellis
202,Final Destination 3,09/02/2006,2006,5.8,93,"Fantasy, Horror, Thriller",James Wong
203,The Final Destination,26/08/2009,2009,5.2,82,"Fantasy, Horror, Thriller",David R. Ellis
204,Final Destination 5,04/08/2011,2011,5.8,92,"Horror, Thriller",Steven Quale
205,Finding Nemo,18/05/2003,2003,8.1,100,"Animation, Adventure, Comedy, Family","Andrew Stanton, Lee Unkrich"
206,Finding Dory,08/06/2016,2016,7.3,97,"Animation, Adventure, Comedy, Family","Andrew Stanton, Angus MacLane"
207,First Blood,22/10/1982,1982,7.7,93,"Action, Adventure",Ted Kotcheff
208,Fletch,31/05/1985,1985,6.9,98,"Comedy, Crime, Mystery",Michael Ritchie
209,Fletch Lives,17/03/1989,1989,6.1,95,"Comedy, Crime, Mystery",Michael Ritchie
210,Fortress,18/12/1992,1992,5.9,95,"Action, Crime, Sci-Fi, Thriller",Stuart Gordon
211,Fortress 2,02/03/2000,2000,4.6,92,"Action, Sci-Fi",Geoff Murphy
212,Freddy vs. Jason,13/08/2003,2003,5.7,97,"Action, Horror",Ronny Yu
213,Freddy's Dead: The Final Nightmare,05/09/1991,1991,4.9,89,"Fantasy, Horror",Rachel Talalay
214,Friday the 13th,09/05/1980,1980,6.5,95,"Horror, Mystery, Thriller",Sean S. Cunningham
215,Friday the 13th Part 2,30/04/1981,1981,6.1,87,"Horror, Mystery, Thriller",Steve Miner
216,Friday the 13th Part III,13/08/1982,1982,5.7,95,"Horror, Thriller",Steve Miner
217,Friday the 13th: The Final Chapter,13/04/1984,1984,6,91,"Horror, Thriller",Joseph Zito
218,Friday the 13th: A New Beginning,22/03/1985,1985,4.8,92,"Horror, Mystery, Thriller",Danny Steinmann
219,Friday the 13th Part VI: Jason Lives,01/08/1986,1986,6,86,"Horror, Thriller",Tom McLoughlin
220,Friday the 13th Part VII: The New Blood,13/05/1988,1988,5.3,88,"Horror, Thriller",John Carl Buechler
221,Friday the 13th Part VIII: Jason Takes Manhattan,28/07/1989,1989,4.6,100,"Adventure, Horror, Thriller",Rob Hedden
222,Friday the 13th,09/02/2009,2009,5.5,97,"Horror, Mystery, Thriller",Marcus Nispel
223,Fright Night,02/08/1985,1985,7.1,106,"Horror, Thriller",Tom Holland
224,Fright Night Part 2,31/10/1988,1988,5.9,104,"Comedy, Horror, Thriller",Tommy Lee Wallace
225,Fright Night,14/08/2011,2011,6.3,106,"Comedy, Horror",Craig Gillespie
226,From Dusk Till Dawn,19/01/1996,1996,7.2,108,"Action, Crime, Horror",Robert Rodriguez
227,G.I. Joe: The Rise of Cobra,27/07/2009,2009,5.8,118,"Action, Adventure, Sci-Fi, Thriller",Stephen Sommers
228,G.I. Joe: Retaliation,11/03/2013,2013,5.8,110,"Action, Adventure, Sci-Fi, Thriller",Jon M. Chu
229,Garfield,06/06/2004,2004,5,80,"Animation, Comedy, Family, Fantasy",Peter Hewitt
230,Garfield: A Tale of Two Kitties,15/06/2006,2006,5,82,"Animation, Adventure, Comedy, Family",Tim Hill
231,Get Smart 2,29/04/1999,1997,7,94,"Adventure, Comedy",Jay Roack
232,Get Smart,19/06/2008,2008,6.5,110,"Action, Adventure, Comedy",Peter Segal
233,Ghost Rider,15/01/2007,2007,5.2,110,"Action, Fantasy, Thriller",Mark Steven Johnson
234,Ghost Rider: Spirit of Vengeance,11/12/2011,2011,4.3,96,"Action, Fantasy, Thriller","Brian Taylor, Mark Neveldine"
235,Ghostbusters,07/06/1984,1984,7.8,105,"Action, Comedy, Fantasy",Ivan Reitman
236,Ghostbusters II,15/06/1989,1989,6.6,108,"Action, Comedy, Fantasy, Sci-Fi",Ivan Reitman
237,Glass,07/01/2019,2019,6.7,129,"Drama, Sci-Fi, Thriller",M. Night Shyamalan
238,Goon,10/09/2011,2011,6.8,92,"Comedy, Drama, Sport",Michael Dowse
239,Goon: Last of the Enforcers,17/03/2017,2017,5.8,101,"Comedy, Sport",Jay Baruchel
240,Grave Encounters,22/04/2011,2011,6.1,92,"Adventure, Fantasy, Horror, Mystery","The Vicious Brothers, Colin Minihan, Stuart Ortiz"
241,Grave Encounters 2,02/10/2012,2012,5.1,95,"Action, Adventure, Fantasy, Horror, Sci-Fi",John Poliquin
242,Gremlins 3,02/10/2014,2012,5.1,95,"Comedy, Fantasy, Horror, Sci-Fi, Thriller",
243,Gremlins,08/06/1984,1984,7.3,106,"Comedy, Fantasy, Horror",Joe Dante
244,Gremlins 2: The New Batch,15/06/1990,1990,6.4,106,"Comedy, Fantasy, Horror","Joe Dante, Chuck Jones"
245,Guardians of the Galaxy,21/07/2014,2014,8,121,"Action, Adventure, Comedy, Sci-Fi",James Gunn
246,Guardians of the Galaxy Vol. 2,10/04/2017,2017,7.6,136,"Action, Adventure, Comedy, Sci-Fi",James Gunn
247,Guardians of the Galaxy Vol. 3,15/02/2021,2021,8,132,"Action, Adventure, Comedy, Sci-Fi, Thriller",James Gunn
248,Halloween,25/10/1978,1978,7.8,91,"Horror, Thriller",John Carpenter
249,Halloween II,30/10/1981,1981,6.5,92,Horror,Rick Rosenthal
250,Halloween III: Season of the Witch,22/10/1982,1982,4.9,98,"Horror, Mystery, Sci-Fi",Tommy Lee Wallace
251,Halloween 4: The Return of Michael Myers,21/10/1988,1988,5.9,88,"Horror, Thriller",Dwight H. Little
252,Halloween 5: The Revenge of Michael Myers,13/10/1989,1989,5.2,96,"Horror, Thriller",Dominique Othenin-Girard
253,Halloween: The Curse of Michael Myers,29/09/1995,1995,4.9,87,"Horror, Thriller",Joe Chappelle
254,Halloween H20: 20 Years Later,27/07/1998,1998,5.8,86,"Horror, Thriller",Steve Miner
255,Halloween: Resurrection,01/07/2002,2002,4,94,"Horror, Thriller",Rick Rosenthal
256,Halloween,31/08/2007,2007,6.1,109,Horror,Rob Zombie
257,Halloween II,28/08/2009,2009,4.9,105,Horror,Rob Zombie
258,Halloween,08/09/2018,2018,6.6,106,"Horror, Thriller",David Gordon Green
259,Hannibal,09/02/2001,2001,6.8,131,"Crime, Drama, Thriller",Ridley Scott
260,Hannibal Rising,07/02/2007,2007,6.2,121,"Adventure, Crime, Drama, Thriller, War",Peter Webber
261,Happy Death Day,07/10/2017,2017,6.5,96,"Horror, Mystery, Thriller",Christopher Landon
262,Happy Death Day 2U,13/02/2019,2019,6.2,100,"Comedy, Horror, Mystery, Sci-Fi, Thriller",Christopher Landon
263,Happy Feet,16/11/2006,2006,6.4,108,"Animation, Adventure, Comedy, Family, Music, Musical, Romance","Judy Morris, Warren Coleman, George Miller"
264,Happy Feet Two,17/11/2011,2011,5.9,100,"Animation, Adventure, Comedy, Family, Musical","George Miller, David Peers, Gary Eck"
265,Harold & Kumar Go to White Castle,20/05/2004,2004,7.1,88,"Adventure, Comedy",Danny Leiner
266,Harold & Kumar Escape from Guantanamo Bay,24/04/2008,2008,6.6,114,"Adventure, Comedy","Jon Hurwitz, Hayden Schlossberg"
267,A Very Harold & Kumar 3D Christmas,04/11/2011,2011,6.3,90,"Adventure, Comedy",Todd Strauss-Schulson
268,Harry Potter and the Sorcerer's Stone,04/11/2001,2001,7.6,152,"Adventure, Family, Fantasy",Chris Columbus
269,Harry Potter and the Chamber of Secrets,03/11/2002,2002,7.4,161,"Adventure, Family, Fantasy, Mystery",Chris Columbus
270,Harry Potter and the Prisoner of Azkaban,23/05/2004,2004,7.9,142,"Adventure, Family, Fantasy, Mystery",Alfonso Cuarón
271,Harry Potter and the Goblet of Fire,06/11/2005,2005,7.7,157,"Adventure, Family, Fantasy, Mystery",Mike Newell
272,Harry Potter and the Order of the Phoenix,28/06/2007,2007,7.5,138,"Action, Adventure, Family, Fantasy, Mystery",David Yates
273,Harry Potter and the Half-Blood Prince,06/07/2009,2009,7.6,153,"Action, Adventure, Family, Fantasy, Mystery",David Yates
274,Harry Potter and the Deathly Hallows: Part 1,11/11/2010,2010,7.7,146,"Adventure, Family, Fantasy, Mystery",David Yates
275,Harry Potter and the Deathly Hallows: Part 2,07/07/2011,2011,8.1,130,"Adventure, Drama, Fantasy, Mystery",David Yates
276,Hellbound: Hellraiser II,09/09/1988,1988,6.5,97,"Horror, Thriller",Tony Randel
277,Hellboy,30/03/2004,2004,6.8,122,"Action, Fantasy, Horror",Guillermo del Toro
278,Hellboy II: The Golden Army,28/06/2008,2008,7,120,"Action, Adventure, Fantasy, Horror, Sci-Fi",Guillermo del Toro
279,Hellraiser,27/06/1984,1984,7,102,Horror,David Bruckner
280,Hellraiser,13/05/1987,1987,7,94,"Horror, Thriller",Clive Barker
281,Hellraiser III: Hell on Earth,31/05/1992,1992,5.5,97,Horror,Anthony Hickox
282,Hellraiser: Bloodline,08/03/1996,1996,5.2,85,"Horror, Sci-Fi",Kevin Yagher
283,Hellraiser: Revelations,18/03/2011,2011,2.7,75,Horror,Víctor García
284,Hollow Man,02/08/2000,2000,5.8,112,"Action, Horror, Sci-Fi, Thriller",Paul Verhoeven
285,Home Alone,10/11/1990,1990,7.6,103,"Comedy, Family",Chris Columbus
286,Home Alone 2: Lost in New York,15/11/1992,1992,6.8,120,"Adventure, Comedy, Crime, Family",Chris Columbus
287,Home Alone 3,12/12/1997,1997,4.5,102,"Comedy, Crime, Family",Raja Gosnell
288,Honey,24/11/2003,2003,5.4,94,"Drama, Music, Romance",Bille Woodruff
289,Honey 2,10/06/2011,2011,5.3,110,"Comedy, Drama, Music",Bille Woodruff
290,"Honey, I Shrunk the Kids",23/06/1989,1989,6.3,93,"Adventure, Comedy, Family, Sci-Fi",Joe Johnston
291,"Honey, I Blew Up the Kid",17/07/1992,1992,4.8,89,"Adventure, Comedy, Family, Romance, Sci-Fi",Randal Kleiser
292,Horrible Bosses,08/07/2011,2011,6.9,98,"Comedy, Crime",Seth Gordon
293,Horrible Bosses 2,12/11/2014,2014,6.3,108,"Comedy, Crime",Sean Anders
294,Hostel,17/09/2005,2005,5.9,94,Horror,Eli Roth
295,Hostel: Part II,07/06/2007,2007,5.5,94,Horror,Eli Roth
296,Hot Shots!,26/07/1991,1991,6.8,84,"Action, Comedy",Jim Abrahams
297,Hot Shots! Part Deux,21/05/1993,1993,6.6,86,"Action, Comedy",Jim Abrahams
298,Hot Tub Time Machine,17/03/2010,2010,6.4,101,"Comedy, Sci-Fi",Steve Pink
299,Hot Tub Time Machine 2,20/02/2015,2015,5.1,93,"Comedy, Mystery, Sci-Fi",Steve Pink
300,Hotel Transylvania,08/09/2012,2012,7.1,91,"Animation, Comedy, Family, Fantasy",Genndy Tartakovsky
301,Hotel Transylvania 2,21/09/2015,2015,6.7,89,"Animation, Comedy, Family, Fantasy",Genndy Tartakovsky
302,Hotel Transylvania 3: Summer Vacation,13/06/2018,2018,6.3,97,"Animation, Adventure, Comedy, Family, Fantasy",Genndy Tartakovsky
303,How to Train Your Dragon,18/03/2010,2010,8.1,98,"Animation, Action, Adventure, Family, Fantasy","Chris Sanders, Dean DeBlois"
304,How to Train Your Dragon 2,16/05/2014,2014,7.8,102,"Animation, Action, Adventure, Family, Fantasy",Dean DeBlois
305,How to Train Your Dragon: The Hidden World,03/01/2019,2019,7.5,104,"Animation, Action, Adventure, Family, Fantasy",Dean DeBlois
306,I Know What You Did Last Summer,09/10/1997,1997,5.7,101,"Horror, Mystery",Jim Gillespie
307,I Still Know What You Did Last Summer,13/11/1998,1998,4.7,100,"Horror, Mystery",Danny Cannon
308,I Spit on Your Grave,01/05/2010,2010,6.3,108,"Horror, Thriller",Steven R. Monroe
309,I Spit on Your Grave 2,25/08/2013,2013,5.7,106,"Horror, Thriller",Steven R. Monroe
310,"I, Robot",07/07/2004,2004,7.1,115,"Action, Drama, Sci-Fi, Thriller",Alex Proyas
311,Ice Age,12/03/2002,2002,7.5,81,"Animation, Adventure, Comedy, Family, Fantasy","Chris Wedge, Carlos Saldanha"
312,Ice Age: The Meltdown,29/03/2006,2006,6.8,91,"Animation, Adventure, Comedy, Family, Fantasy",Carlos Saldanha
313,Ice Age: Dawn of the Dinosaurs,26/06/2009,2009,6.9,94,"Animation, Adventure, Comedy, Family, Fantasy","Mike Thurmeier, Carlos Saldanha"
314,Ice Age: Continental Drift,26/06/2012,2012,6.6,88,"Animation, Adventure, Comedy, Family, Fantasy","Mike Thurmeier, Steve Martino"
315,In the Name of the King: A Dungeon Siege Tale,11/04/2007,2007,3.8,127,"Action, Adventure, Fantasy, Horror, Thriller, War",Uwe Boll
316,In the Name of the King: Two Worlds,27/12/2011,2011,3.1,96,"Action, Adventure, Fantasy, Thriller",Uwe Boll
317,In the Name of the King: The Last Mission,05/02/2014,2014,3.1,86,"Action, Adventure, Fantasy, Thriller",Uwe Boll
318,Independence Day,25/06/1996,1996,7,145,"Action, Adventure, Sci-Fi",Roland Emmerich
319,Independence Day: Resurgence,20/06/2016,2016,5.2,120,"Action, Adventure, Sci-Fi",Roland Emmerich
320,Indiana Jones and the Temple of Doom,08/05/1984,1984,7.6,118,"Action, Adventure",Steven Spielberg
321,Indiana Jones and the Last Crusade,24/05/1989,1989,8.2,127,"Action, Adventure",Steven Spielberg
322,Indiana Jones and the Kingdom of the Crystal Skull,18/05/2008,2008,6.1,122,"Action, Adventure",Steven Spielberg
323,Insidious,14/09/2010,2010,6.8,103,"Horror, Mystery, Thriller",James Wan
324,Insidious: Chapter 2,13/09/2013,2013,6.6,106,"Horror, Mystery, Thriller",James Wan
325,Insidious: Chapter 3,28/05/2015,2015,6.1,97,"Horror, Mystery, Thriller",Leigh Whannell
326,Into the Blue,21/09/2005,2005,5.9,110,"Action, Adventure, Crime, Thriller",John Stockwell
327,Iron Man,14/04/2008,2008,7.9,126,"Action, Adventure, Sci-Fi",Jon Favreau
328,Iron Man 2,26/04/2010,2010,7,124,"Action, Adventure, Sci-Fi",Jon Favreau
329,Iron Man Three,12/04/2013,2013,7.2,130,"Action, Adventure, Sci-Fi",Shane Black
330,It,05/09/2017,2017,7.3,135,Horror,Andy Muschietti
331,It Chapter Two,26/08/2019,2019,6.6,169,"Drama, Fantasy, Horror",Andy Muschietti
332,Jarhead,27/10/2005,2005,7,125,"Action, Biography, Drama, War",Sam Mendes
333,Jason Goes to Hell: The Final Friday,13/08/1993,1993,4.2,87,"Fantasy, Horror, Thriller",Adam Marcus
334,Jeepers Creepers,20/07/2001,2001,6.2,90,"Horror, Mystery",Victor Salva
335,Jeepers Creepers 2,08/08/2003,2003,5.6,106,Horror,Victor Salva
336,Jeepers Creepers 3,26/09/2017,2017,3.9,100,"Action, Horror, Mystery, Thriller",Victor Salva
337,John Wick,19/09/2014,2014,7.4,101,"Action, Crime, Thriller","David Leitch, Chad Stahelski"
338,John Wick: Chapter 2,30/01/2017,2017,7.5,122,"Action, Crime, Thriller",Chad Stahelski
339,John Wick: Chapter 3 - Parabellum,15/05/2019,2019,7.5,130,"Action, Crime, Thriller",Chad Stahelski
340,John Wick: Chapter 4,27/05/2022,2022,7,120,"Action, Crime, Thriller",Chad Stahelski
341,Johnny English,06/04/2003,2003,6.2,89,"Action, Adventure, Comedy",Peter Howitt
342,Johnny English Reborn,15/09/2011,2011,6.3,101,"Action, Adventure, Comedy, Crime",Oliver Parker
343,Johnny English Strikes Again,13/09/2018,2018,6.2,89,"Action, Adventure, Comedy",David Kerr
344,Joy Ride,09/09/2001,2001,6.6,97,"Mystery, Thriller",John Dahl
345,Jumper,06/02/2008,2008,6.1,88,"Action, Adventure, Sci-Fi, Thriller",Doug Liman
346,Jurassic Park,09/06/1993,1993,8.1,127,"Action, Adventure, Sci-Fi, Thriller",Steven Spielberg
347,The Lost World: Jurassic Park,19/05/1997,1997,6.6,129,"Action, Adventure, Sci-Fi",Steven Spielberg
348,Jurassic Park III,16/07/2001,2001,5.9,92,"Action, Adventure, Sci-Fi, Thriller",Joe Johnston
349,Jurassic World,29/05/2015,2015,7,124,"Action, Adventure, Sci-Fi",Colin Trevorrow
350,Justice League Part Two,12/03/2012,2012,8,120,"Action, Sci-Fi",
351,Justice League,26/10/2017,2017,6.4,120,"Action, Adventure, Fantasy, Sci-Fi",Zack Snyder
352,Kick-Ass,12/03/2010,2010,7.6,117,"Action, Comedy, Crime",Matthew Vaughn
353,Kick-Ass 2,14/08/2013,2013,6.5,103,"Action, Comedy, Crime, Thriller",Jeff Wadlow
354,Kill Bill: Vol. 3,29/01/2001,2001,8.3,98,"Action, Crime, Thriller",
355,Kill Bill: Vol. 1,29/09/2003,2003,8.1,111,"Action, Crime, Thriller",Quentin Tarantino
356,Kill Bill: Vol. 2,08/04/2004,2004,8,137,"Action, Crime, Thriller",Quentin Tarantino
357,Kingsman: The Secret Service,13/12/2014,2014,7.7,129,"Action, Adventure, Comedy, Thriller",Matthew Vaughn
358,Kingsman: The Golden Circle,20/09/2017,2017,6.7,141,"Action, Adventure, Comedy, Crime, Thriller",Matthew Vaughn
359,Kung Fu Panda,15/05/2008,2008,7.5,92,"Animation, Action, Adventure, Comedy, Family","Mark Osborne, John Stevenson"
360,Kung Fu Panda 2,22/05/2011,2011,7.2,90,"Animation, Action, Adventure, Comedy, Family, Fantasy",Jennifer Yuh Nelson
361,Land of the Dead,18/06/2005,2005,6.2,93,"Horror, Sci-Fi, Thriller",George A. Romero
362,Lara Croft: Tomb Raider,11/06/2001,2001,5.8,100,"Action, Adventure, Fantasy, Thriller",Simon West
363,Lara Croft Tomb Raider: The Cradle of Life,21/07/2003,2003,5.5,117,"Action, Adventure, Fantasy",Jan de Bont
364,The Lawnmower Man,06/03/1992,1992,5.5,108,"Horror, Sci-Fi",Brett Leonard
365,Lawnmower Man 2: Beyond Cyberspace,12/01/1996,1996,2.5,93,"Action, Sci-Fi, Thriller",Farhad Mann
366,Leatherface: Texas Chainsaw Massacre III,12/01/1990,1990,5.1,85,"Horror, Thriller",Jeff Burr
367,Legally Blonde,26/06/2001,2001,6.3,96,"Comedy, Romance",Robert Luketic
368,"Legally Blonde 2: Red, White & Blonde",30/06/2003,2003,4.8,95,Comedy,Charles Herman-Wurmfeld
369,Lethal Weapon,06/03/1987,1987,7.6,109,"Action, Crime, Thriller",Richard Donner
370,Lethal Weapon 2,05/07/1989,1989,7.2,114,"Action, Crime, Thriller",Richard Donner
371,Lethal Weapon 3,11/05/1992,1992,6.7,118,"Action, Crime, Thriller",Richard Donner
372,Lethal Weapon 4,07/07/1998,1998,6.6,127,"Action, Crime, Thriller",Richard Donner
373,Lilo & Stitch,16/06/2002,2002,7.2,85,"Animation, Adventure, Comedy, Drama, Family, Fantasy, Sci-Fi","Chris Sanders, Dean DeBlois"
374,Live Free or Die Hard,12/06/2007,2007,7.1,128,"Action, Thriller",Len Wiseman
375,Look Who's Talking,12/10/1989,1989,5.9,93,Comedy,Amy Heckerling
376,Look Who's Talking Too,14/12/1990,1990,4.7,81,"Comedy, Family, Romance",Amy Heckerling
377,Look Who's Talking Now,15/01/1993,1993,4.4,96,"Comedy, Family, Romance",Tom Ropelewski
378,Machete Kills in Space,03/08/2008,2008,6.8,100,"Action, Comedy, Sci-Fi, Thriller",Robert Rodriguez
379,Machete,01/09/2010,2010,6.6,105,"Action, Crime, Thriller","Ethan Maniquis, Robert Rodriguez"
380,Machete Kills,19/09/2013,2013,5.6,107,"Action, Crime, Thriller",Robert Rodriguez
381,Mad Max,12/04/1979,1979,6.9,88,"Action, Adventure, Sci-Fi, Thriller",George Miller
382,Mad Max 2,24/12/1981,1981,7.6,96,"Action, Adventure, Sci-Fi, Thriller",George Miller
383,Mad Max Beyond Thunderdome,29/06/1985,1985,6.3,107,"Action, Adventure, Sci-Fi","George Ogilvie, George Miller"
384,Madagascar,25/05/2005,2005,6.9,86,"Animation, Adventure, Comedy, Family","Tom McGrath, Eric Darnell"
385,Madagascar: Escape 2 Africa,30/10/2008,2008,6.6,89,"Animation, Adventure, Comedy, Family","Tom McGrath, Eric Darnell"
386,Madagascar 3: Europe's Most Wanted,18/05/2012,2012,6.8,95,"Animation, Adventure, Comedy, Family","Conrad Vernon, Tom McGrath, Eric Darnell"
387,Magic Mike,24/06/2012,2012,6.1,110,"Comedy, Drama",Steven Soderbergh
388,Magic Mike XXL,01/07/2015,2015,5.6,115,"Comedy, Drama, Music",Gregory Jacobs
389,Magnum Force,13/12/1973,1973,7.2,124,"Action, Crime, Mystery, Thriller",Ted Post
390,Major League,07/04/1989,1989,7.2,107,"Comedy, Sport",David S. Ward
391,Major League II,30/03/1994,1994,5.6,105,"Comedy, Sport",David S. Ward
392,Major League: Back to the Minors,17/04/1998,1998,4.6,100,"Comedy, Sport",John Warren
393,Mamma Mia!,30/06/2008,2008,6.4,108,"Comedy, Musical, Romance",Phyllida Lloyd
394,Mamma Mia! Here We Go Again,11/07/2018,2018,6.7,114,"Comedy, Musical, Romance",Ol Parker
395,Man of Steel,10/06/2013,2013,7,143,"Action, Adventure, Sci-Fi",Zack Snyder
396,Manhunter,15/08/1986,1986,7.2,120,"Crime, Horror, Mystery, Thriller",Michael Mann
397,Marley & Me,25/12/2008,2008,7.1,111,"Comedy, Drama, Family",David Frankel
398,The Maze Runner,11/09/2014,2014,6.8,113,"Action, Mystery, Sci-Fi, Thriller",Wes Ball
399,Maze Runner: The Scorch Trials,01/09/2015,2015,6.3,131,"Action, Adventure, Sci-Fi, Thriller",Wes Ball
400,Maze Runner: The Death Cure,17/01/2018,2018,6.2,143,"Action, Adventure, Sci-Fi, Thriller",Wes Ball
401,Megiddo: The Omega Code 2,07/09/2001,2001,4.1,104,"Action, Adventure, Fantasy, Sci-Fi, Thriller",Brian Trenchard-Smith
402,Men in Black,25/06/1997,1997,7.3,98,"Action, Adventure, Comedy, Sci-Fi",Barry Sonnenfeld
403,Men in Black II,03/07/2002,2002,6.2,88,"Action, Adventure, Comedy, Mystery, Sci-Fi",Barry Sonnenfeld
404,Men in Black 3,14/05/2012,2012,6.8,106,"Action, Adventure, Comedy, Family, Sci-Fi",Barry Sonnenfeld
405,Mimic,30/06/1997,1997,5.9,105,"Horror, Sci-Fi",Guillermo del Toro
406,Mirrors,14/08/2008,2008,6.2,110,"Horror, Mystery",Alexandre Aja
407,Miss Congeniality,14/12/2000,2000,6.2,109,"Action, Comedy, Crime, Romance",Donald Petrie
408,Miss Congeniality 2: Armed & Fabulous,11/03/2005,2005,5.1,115,"Action, Comedy, Crime",John Pasquin
409,Mission: Impossible,20/05/1996,1996,7.1,110,"Action, Adventure, Thriller",Brian De Palma
410,Mission: Impossible II,18/05/2000,2000,6.1,123,"Action, Adventure, Thriller",John Woo
411,Mission: Impossible III,24/04/2006,2006,6.9,126,"Action, Adventure, Thriller",J.J. Abrams
412,Mission: Impossible - Ghost Protocol,07/12/2011,2011,7.4,132,"Action, Adventure, Thriller",Brad Bird
413,Mission: Impossible - Rogue Nation,23/07/2015,2015,7.4,131,"Action, Adventure, Thriller",Christopher McQuarrie
414,Mission: Impossible - Fallout,12/07/2018,2018,7.7,147,"Action, Adventure, Thriller",Christopher McQuarrie
415,Mission: Impossible 7,19/11/2021,2021,9.1,201,"Action, Adventure, Thriller",Christopher McQuarrie
416,Mission: Impossible 8,04/11/2022,2022,9.3,187,"Action, Adventure, Crime, Thriller",Christopher McQuarrie
417,Monsters,13/03/2010,2010,6.4,94,"Adventure, Drama, Romance, Sci-Fi, Thriller",Gareth Edwards
418,Monsters: Dark Continent,26/09/2014,2014,4.3,119,"Action, Drama, Horror, Sci-Fi, Thriller, War",Tom Green
419,Mulan,05/06/1998,1998,7.6,88,"Animation, Adventure, Family, Fantasy, Musical, War","Tony Bancroft, Barry Cook"
420,My Big Fat Greek Wedding,22/02/2002,2002,6.5,95,"Comedy, Drama, Romance",Joel Zwick
421,My Big Fat Greek Wedding 2,15/03/2016,2016,6,94,"Comedy, Romance",Kirk Jones
422,Nanny McPhee,21/10/2005,2005,6.5,97,"Comedy, Family, Fantasy",Kirk Jones
423,Nanny McPhee and the Big Bang,24/03/2010,2010,6.1,109,"Comedy, Family, Fantasy",Susanna White
424,National Treasure 3,02/02/2003,2003,6.4,123,"Action, Adventure, Family, Mystery, Thriller, Western",
425,National Treasure,08/11/2004,2004,6.8,131,"Action, Adventure, Mystery, Thriller",Jon Turteltaub
426,National Treasure: Book of Secrets,13/12/2007,2007,6.5,124,"Action, Adventure, Family, Mystery, Thriller",Jon Turteltaub
427,Night at the Museum,17/12/2006,2006,6.4,108,"Adventure, Comedy, Family, Fantasy",Shawn Levy
428,Night at the Museum: Battle of the Smithsonian,14/05/2009,2009,6,105,"Adventure, Comedy, Family, Fantasy",Shawn Levy
429,Nymphomaniac: Vol. I,25/12/2013,2013,6.9,117,Drama,Lars von Trier
430,Nymphomaniac: Vol. II,25/12/2013,2013,6.7,124,Drama,Lars von Trier
431,Ocean's Eleven,05/12/2001,2001,7.7,116,"Crime, Thriller",Steven Soderbergh
432,Ocean's Twelve,08/12/2004,2004,6.5,125,"Crime, Thriller",Steven Soderbergh
433,Ocean's Thirteen,24/05/2007,2007,6.9,122,"Action, Crime, Thriller",Steven Soderbergh
434,Olympus Has Fallen,18/03/2013,2013,6.5,119,"Action, Thriller",Antoine Fuqua
435,London Has Fallen,01/03/2016,2016,5.9,99,"Action, Thriller",Babak Najafi
436,Open Season,27/09/2006,2006,6.1,86,"Animation, Adventure, Comedy, Family, Fantasy","Anthony Stacchi, Jill Culton, Roger Allers"
437,Open Season 3,21/10/2010,2010,5.1,75,"Animation, Adventure, Comedy, Family",Cody Cameron
438,Paddington,23/11/2014,2014,7.2,95,"Adventure, Comedy, Family, Fantasy",Paul King
439,Paddington 2,05/11/2017,2017,7.8,103,"Adventure, Comedy, Family, Fantasy",Paul King
440,Paddington 3,31/12/2020,2020,8.3,121,"Animation, Comedy, Family, Fantasy",
441,Paranormal Activity,14/10/2007,2007,6.3,86,"Horror, Mystery, Thriller",Oren Peli
442,Paranormal Activity 2,20/10/2010,2010,5.6,91,Horror,Tod Williams
443,Paranormal Activity 3,14/10/2011,2011,5.8,83,"Horror, Mystery, Thriller","Henry Joost, Ariel Schulman"
444,Paranormal Activity 4,16/10/2012,2012,4.6,88,"Horror, Mystery, Thriller","Henry Joost, Ariel Schulman"
445,Paul Blart: Mall Cop,06/01/2009,2009,5.2,91,"Action, Comedy, Crime, Family",Steve Carr
446,Paul Blart: Mall Cop 2,09/04/2015,2015,4.4,94,"Action, Comedy, Crime, Family",Andy Fickman
447,Pet Sematary,21/04/1989,1989,6.6,103,"Horror, Thriller",Mary Lambert
448,Pet Sematary II,28/08/1992,1992,4.9,100,"Fantasy, Horror",Mary Lambert
449,Piranha 3D,20/08/2010,2010,5.4,88,"Comedy, Horror",Alexandre Aja
450,Piranha 3DD,11/05/2012,2012,3.7,83,"Comedy, Horror",John Gulager
451,Pirates of the Caribbean: The Curse of the Black Pearl,28/06/2003,2003,8,143,"Action, Adventure, Fantasy",Gore Verbinski
452,Pirates of the Caribbean: Dead Man's Chest,24/06/2006,2006,7.3,151,"Action, Adventure, Fantasy",Gore Verbinski
453,Pirates of the Caribbean: At World's End,19/05/2007,2007,7.1,169,"Action, Adventure, Fantasy",Gore Verbinski
454,Pirates of the Caribbean: On Stranger Tides,07/05/2011,2011,6.6,137,"Action, Adventure, Fantasy",Rob Marshall
455,Pitch Black,18/02/2000,2000,7.1,109,"Action, Horror, Sci-Fi",David Twohy
456,Planet of the Apes,08/02/1968,1968,8,112,"Adventure, Sci-Fi",Franklin J. Schaffner
457,Police Academy,23/03/1984,1984,6.7,96,Comedy,Hugh Wilson
458,Police Academy 2: Their First Assignment,29/03/1985,1985,5.8,87,Comedy,"James Signorelli, Jerry Paris"
459,Police Academy 3: Back in Training,21/03/1986,1986,5.4,83,Comedy,Jerry Paris
460,Police Academy 4: Citizens on Patrol,03/04/1987,1987,5,88,"Comedy, Crime",Jim Drake
461,Police Academy 5: Assignment: Miami Beach,18/03/1988,1988,4.7,90,"Comedy, Crime",Alan Myerson
462,Police Academy 6: City Under Siege,10/03/1989,1989,4.5,84,"Comedy, Crime",Peter Bonerz
463,Police Academy: Mission to Moscow,10/06/1994,1994,3.6,83,"Comedy, Crime",Alan Metter
464,Poltergeist,04/06/1982,1982,7.3,114,"Horror, Thriller",Tobe Hooper
465,Poltergeist II: The Other Side,23/05/1986,1986,5.7,91,Horror,Brian Gibson
466,Poltergeist III,10/06/1988,1988,4.7,98,"Horror, Thriller",Gary Sherman
467,Predator,12/06/1987,1987,7.8,107,"Action, Adventure, Sci-Fi, Thriller",John McTiernan
468,Predator 2,19/11/1990,1990,6.3,108,"Action, Horror, Sci-Fi",Stephen Hopkins
469,Predators,07/07/2010,2010,6.4,107,"Action, Adventure, Sci-Fi, Thriller",Nimród Antal
470,Prometheus,11/04/2012,2012,7,124,"Adventure, Mystery, Sci-Fi",Ridley Scott
471,Psycho,16/06/1960,1960,8.5,109,"Horror, Mystery, Thriller",Alfred Hitchcock
472,Psycho II,03/06/1983,1983,6.5,113,"Crime, Horror, Mystery, Thriller",Richard Franklin
473,Quarantine,10/10/2008,2008,5.9,89,"Action, Horror, Sci-Fi, Thriller",John Erick Dowdle
474,Quarantine 2: Terminal,27/01/2011,2011,5.2,86,"Action, Horror, Sci-Fi, Thriller",John Pogue
475,RED,29/09/2010,2010,7,111,"Action, Comedy, Crime, Thriller",Robert Schwentke
476,RED 2,18/07/2013,2013,6.6,116,"Action, Adventure, Comedy, Crime, Thriller",Dean Parisot
477,Raiders of the Lost Ark,12/06/1981,1981,8.4,115,"Action, Adventure",Steven Spielberg
478,Rambo: First Blood Part II,22/05/1985,1985,6.5,96,"Action, Adventure, Thriller",George P. Cosmatos
479,Rambo III,25/05/1988,1988,5.8,102,"Action, Adventure",Peter MacDonald
480,Rambo,23/01/2008,2008,7,92,"Action, Thriller, War",Sylvester Stallone
481,Red Dragon,30/09/2002,2002,7.2,124,"Crime, Drama, Thriller",Brett Ratner
482,Resident Evil,12/03/2002,2002,6.7,100,"Action, Horror, Sci-Fi",Paul W.S. Anderson
483,Resident Evil: Apocalypse,23/08/2004,2004,6.2,94,"Action, Horror, Sci-Fi, Thriller",Alexander Witt
484,Resident Evil: Extinction,20/09/2007,2007,6.3,94,"Action, Horror, Sci-Fi, Thriller",Russell Mulcahy
485,Resident Evil: Afterlife,02/09/2010,2010,5.8,96,"Action, Adventure, Horror, Sci-Fi, Thriller",Paul W.S. Anderson
486,Resident Evil: Retribution,03/09/2012,2012,5.4,95,"Action, Horror, Sci-Fi, Thriller",Paul W.S. Anderson
487,Ride Along,17/01/2014,2014,6.2,99,"Action, Comedy, Crime",Tim Story
488,Ride Along 2,06/01/2016,2016,5.9,102,"Action, Comedy, Crime",Tim Story
489,Rio,22/03/2011,2011,6.9,96,"Animation, Adventure, Comedy, Crime, Family, Musical",Carlos Saldanha
490,Rio 2,20/03/2014,2014,6.3,101,"Animation, Adventure, Comedy, Family, Musical",Carlos Saldanha
491,Ripley's Game,02/09/2002,2002,6.6,110,"Crime, Drama, Mystery, Thriller",Liliana Cavani
492,Ripley Under Ground,06/11/2005,2005,6,101,"Crime, Drama, Thriller",Roger Spottiswoode
493,Rise of the Planet of the Apes,28/07/2011,2011,7.6,105,"Action, Drama, Sci-Fi, Thriller",Rupert Wyatt
494,RoboCop,17/07/1987,1987,7.5,102,"Action, Crime, Sci-Fi, Thriller",Paul Verhoeven
495,RoboCop 2,22/06/1990,1990,5.8,117,"Action, Crime, Sci-Fi, Thriller",Irvin Kershner
496,RoboCop 3,01/05/1993,1993,4.1,104,"Action, Crime, Sci-Fi, Thriller",Fred Dekker
497,Rocky,20/11/1976,1976,8.1,120,"Drama, Sport",John G. Avildsen
498,Rocky II,14/06/1979,1979,7.3,119,"Drama, Sport",Sylvester Stallone
499,Rocky III,24/05/1982,1982,6.8,99,"Drama, Sport",Sylvester Stallone
500,Rocky IV,21/11/1985,1985,6.9,91,"Drama, Sport",Sylvester Stallone
501,Rocky V,13/11/1990,1990,5.3,104,"Drama, Sport",John G. Avildsen
502,Rocky Balboa,13/12/2006,2006,7.1,102,"Action, Drama, Sport",Sylvester Stallone
503,Romancing the Stone,24/03/1984,1984,6.9,106,"Action, Adventure, Comedy, Romance",Robert Zemeckis
504,Rush Hour 4,17/03/1999,1999,8,99,"Action, Adventure, Comedy, Crime, Thriller",
505,Rush Hour,18/09/1998,1998,7,98,"Action, Comedy, Crime, Thriller",Brett Ratner
506,Rush Hour 2,26/07/2001,2001,6.6,90,"Action, Comedy, Crime, Thriller",Brett Ratner
507,Rush Hour 3,30/07/2007,2007,6.2,91,"Action, Comedy, Crime, Thriller",Brett Ratner
508,S.W.A.T.,08/08/2003,2003,6,117,"Action, Adventure, Crime, Thriller",Clark Johnson
509,Save the Last Dance,09/01/2001,2001,6.2,112,"Drama, Music, Romance",Thomas Carter
510,Saw,19/01/2004,2004,7.6,103,"Horror, Mystery",James Wan
511,Saw II,28/10/2005,2005,6.6,93,"Horror, Mystery",Darren Lynn Bousman
512,Saw III,26/10/2006,2006,6.2,108,"Horror, Mystery, Thriller",Darren Lynn Bousman
513,Saw IV,25/10/2007,2007,5.9,93,"Horror, Mystery, Thriller",Darren Lynn Bousman
514,Saw V,23/10/2008,2008,5.8,92,"Horror, Mystery",David Hackl
515,Saw VI,22/10/2009,2009,6,90,"Fantasy, Horror, Mystery",Kevin Greutert
516,Saw 3D,22/10/2010,2010,5.6,90,"Fantasy, Horror, Mystery",Kevin Greutert
517,Scary Movie,07/07/2000,2000,6.2,88,Comedy,Keenen Ivory Wayans
518,Scary Movie 2,04/07/2001,2001,5.3,83,"Comedy, Horror",Keenen Ivory Wayans
519,Scary Movie 3,20/10/2003,2003,5.5,84,"Comedy, Horror",David Zucker
520,Scary Movie 4,12/04/2006,2006,5.1,83,"Comedy, Horror",David Zucker
521,Scary Movie 5,11/04/2013,2013,3.5,88,"Comedy, Horror","Malcolm D. Lee, David Zucker"
522,Scooby-Doo,08/06/2002,2002,5.1,89,"Adventure, Comedy, Family, Fantasy, Mystery",Raja Gosnell
523,Scooby-Doo 2: Monsters Unleashed,20/03/2004,2004,5,93,"Adventure, Comedy, Family, Fantasy, Horror, Mystery, Sci-Fi",Raja Gosnell
524,Scream,18/12/1996,1996,7.2,111,"Horror, Mystery",Wes Craven
525,Scream 2,10/12/1997,1997,6.2,120,"Horror, Mystery",Wes Craven
526,Scream 3,03/02/2000,2000,5.6,116,"Horror, Mystery",Wes Craven
527,Scream 4,11/04/2011,2011,6.1,111,"Horror, Mystery",Wes Craven
528,Screamers,08/09/1995,1995,6.4,108,"Horror, Sci-Fi, Thriller",Christian Duguay
529,Secret of the Wings,16/08/2012,2012,7.1,75,"Animation, Family, Fantasy","Roberts Gannaway, Peggy Holmes"
530,Serbuan maut,08/09/2011,2011,7.6,101,"Action, Thriller",Gareth Evans
531,Serbuan maut 2: Berandal,21/01/2014,2014,8,150,"Action, Crime, Thriller",Gareth Evans
532,Sex and the City,12/05/2008,2008,5.6,145,"Comedy, Drama, Romance",Michael Patrick King
533,Shanghai Noon,19/05/2000,2000,6.6,110,"Action, Adventure, Comedy, Western",Tom Dey
534,Shanghai Knights,30/01/2003,2003,6.2,114,"Action, Adventure, Comedy",David Dobkin
535,Sherlock Holmes,14/12/2009,2009,7.6,128,"Action, Adventure, Mystery",Guy Ritchie
536,Sherlock Holmes: A Game of Shadows,10/12/2011,2011,7.5,129,"Action, Adventure, Mystery",Guy Ritchie
537,Short Circuit,09/05/1986,1986,6.7,98,"Comedy, Family, Sci-Fi",John Badham
538,Short Circuit 2,06/07/1988,1988,5.8,110,"Comedy, Drama, Family, Sci-Fi",Kenneth Johnson
539,Shrek,22/04/2001,2001,7.8,90,"Animation, Adventure, Comedy, Family, Fantasy","Vicky Jenson, Andrew Adamson"
540,Shrek 2,08/05/2004,2004,7.2,93,"Animation, Adventure, Comedy, Family, Fantasy, Romance","Conrad Vernon, Kelly Asbury, Andrew Adamson"
541,Shrek the Third,06/05/2007,2007,6.1,93,"Animation, Adventure, Comedy, Family, Fantasy","Chris Miller, Raman Hui"
542,Shrek Forever After,21/04/2010,2010,6.3,93,"Animation, Adventure, Comedy, Family, Fantasy, Romance",Mike Mitchell
543,Sin City,28/03/2005,2005,8,124,"Crime, Thriller","Frank Miller, Quentin Tarantino, Robert Rodriguez"
544,Sin City: A Dame to Kill For,19/08/2014,2014,6.5,102,"Action, Crime, Thriller","Frank Miller, Robert Rodriguez"
545,Smokin' Aces,09/12/2006,2006,6.7,109,"Action, Comedy, Crime, Drama, Thriller",Joe Carnahan
546,Sniper,29/01/1993,1993,6.1,98,"Action, Thriller, War",Luis Llosa
547,Species,07/07/1995,1995,5.8,108,"Action, Horror, Sci-Fi, Thriller",Roger Donaldson
548,Species II,10/04/1998,1998,4.4,93,"Action, Horror, Sci-Fi, Thriller",Peter Medak
549,Speed,07/06/1994,1994,7.2,116,"Action, Adventure, Thriller",Jan de Bont
550,Speed 2: Cruise Control,13/06/1997,1997,3.9,121,"Action, Adventure, Crime, Romance, Thriller",Jan de Bont
551,Spider-Man,30/04/2002,2002,7.3,121,"Action, Adventure, Sci-Fi",Sam Raimi
552,Spider-Man 2,25/06/2004,2004,7.3,127,"Action, Adventure, Sci-Fi",Sam Raimi
553,Spider-Man 3,03/04/2007,2007,6.2,139,"Action, Adventure, Sci-Fi",Sam Raimi
554,Spider-Man: Homecoming,28/06/2017,2017,7.4,133,"Action, Adventure, Sci-Fi",Jon Watts
555,Spider-Man: Far from Home,26/06/2019,2019,7.5,129,"Action, Adventure, Sci-Fi",Jon Watts
556,Split,26/09/2016,2016,7.3,117,"Horror, Thriller",M. Night Shyamalan
557,Spy Kids,18/03/2001,2001,5.5,88,"Action, Adventure, Comedy, Family, Sci-Fi",Robert Rodriguez
558,Spy Kids 2: Island of Lost Dreams,07/08/2002,2002,5.1,100,"Action, Adventure, Comedy, Family, Sci-Fi",Robert Rodriguez
559,Spy Kids 3: Game Over,13/07/2003,2003,4.3,84,"Action, Adventure, Comedy, Family, Sci-Fi",Robert Rodriguez
560,Spy Kids 4: All the Time in the World,18/08/2011,2011,3.5,89,"Action, Adventure, Comedy, Family, Sci-Fi",Robert Rodriguez
561,Untitled Star Trek Sequel,03/04/1989,1989,6.2,121,"Action, Adventure, Sci-Fi, Thriller",Noah Hawley
562,Star Trek: The Motion Picture,06/12/1979,1979,6.4,132,"Adventure, Mystery, Sci-Fi",Robert Wise
563,Star Trek II: The Wrath of Khan,04/06/1982,1982,7.7,113,"Action, Adventure, Sci-Fi",Nicholas Meyer
564,Star Trek III: The Search for Spock,01/06/1984,1984,6.7,105,"Action, Adventure, Sci-Fi",Leonard Nimoy
565,Star Trek IV: The Voyage Home,21/11/1986,1986,7.3,119,"Adventure, Comedy, Sci-Fi",Leonard Nimoy
566,Star Trek V: The Final Frontier,09/06/1989,1989,5.5,107,"Action, Adventure, Fantasy, Sci-Fi, Thriller",William Shatner
567,Star Trek VI: The Undiscovered Country,03/12/1991,1991,7.2,110,"Action, Adventure, Sci-Fi, Thriller",Nicholas Meyer
568,Star Trek: Generations,17/11/1994,1994,6.6,118,"Action, Adventure, Mystery, Sci-Fi, Thriller",David Carson
569,Star Trek: First Contact,18/11/1996,1996,7.6,111,"Action, Adventure, Drama, Sci-Fi, Thriller",Jonathan Frakes
570,Star Trek: Insurrection,10/12/1998,1998,6.4,103,"Action, Adventure, Sci-Fi, Thriller",Jonathan Frakes
571,Star Trek: Nemesis,09/12/2002,2002,6.4,116,"Action, Adventure, Sci-Fi, Thriller",Stuart Baird
572,Star Trek,06/04/2009,2009,7.9,127,"Action, Adventure, Sci-Fi",J.J. Abrams
573,Star Trek Into Darkness,02/05/2013,2013,7.7,132,"Action, Adventure, Sci-Fi",J.J. Abrams
574,Star Trek Beyond,20/07/2016,2016,7.1,122,"Action, Adventure, Sci-Fi, Thriller",Justin Lin
575,Star Wars,25/05/1977,1977,8.6,121,"Action, Adventure, Fantasy, Sci-Fi",George Lucas
576,Star Wars: Episode V - The Empire Strikes Back,17/05/1980,1980,8.7,124,"Action, Adventure, Fantasy, Sci-Fi",Irvin Kershner
577,Star Wars: Episode VI - Return of the Jedi,25/05/1983,1983,8.3,131,"Action, Adventure, Fantasy, Sci-Fi",Richard Marquand
578,Star Wars: Episode I - The Phantom Menace,16/05/1999,1999,6.5,136,"Action, Adventure, Fantasy, Sci-Fi",George Lucas
579,Star Wars: Episode II - Attack of the Clones,12/05/2002,2002,6.5,142,"Action, Adventure, Fantasy, Sci-Fi",George Lucas
580,Star Wars: Episode III - Revenge of the Sith,12/05/2005,2005,7.5,140,"Action, Adventure, Fantasy, Sci-Fi",George Lucas
581,Starship Troopers,04/11/1997,1997,7.2,129,"Action, Adventure, Sci-Fi, Thriller",Paul Verhoeven
582,Step Up,07/08/2006,2006,6.5,104,"Crime, Drama, Music, Romance",Anne Fletcher
583,Step Up 2: The Streets,14/02/2008,2008,6.2,98,"Drama, Music, Romance",Jon M. Chu
584,Step Up 3D,04/08/2010,2010,6.2,107,"Drama, Music, Romance",Jon M. Chu
585,Step Up Revolution,26/07/2012,2012,6.4,99,"Drama, Music, Romance",Scott Speer
586,Street Kings,03/04/2008,2008,6.8,109,"Action, Crime, Drama, Thriller",David Ayer
587,Sudden Impact,08/12/1983,1983,6.7,117,"Action, Crime, Thriller",Clint Eastwood
588,Superman,10/12/1978,1978,7.3,143,"Action, Adventure, Drama, Sci-Fi",Richard Donner
589,Superman II,04/12/1980,1980,6.8,127,"Action, Adventure, Sci-Fi","Richard Donner, Richard Lester"
590,Superman III,17/06/1983,1983,5,125,"Action, Adventure, Comedy, Sci-Fi",Richard Lester
591,Superman IV: The Quest for Peace,23/07/1987,1987,3.7,90,"Action, Adventure, Family, Sci-Fi",Sidney J. Furie
592,Superman Returns,21/06/2006,2006,6,154,"Action, Sci-Fi",Bryan Singer
593,Taken,27/02/2008,2008,7.8,90,"Action, Thriller",Pierre Morel
594,Taken 2,07/09/2012,2012,6.3,92,"Action, Thriller",Olivier Megaton
595,Taken 3,16/12/2014,2014,6,108,"Action, Thriller",Olivier Megaton
596,Taxi,08/04/1998,1998,7,86,"Action, Comedy, Crime",Gérard Pirès
597,Taxi 2,25/03/2000,2000,6.5,88,"Action, Comedy, Crime",Gérard Krawczyk
598,Taxi 3,29/01/2003,2003,5.8,84,"Action, Comedy, Crime",Gérard Krawczyk
599,Taxi 4,14/02/2007,2007,5.6,91,"Action, Comedy, Crime, Family",Gérard Krawczyk
600,Ted,29/06/2012,2012,6.9,106,Comedy,Seth MacFarlane
601,Ted 2,25/06/2015,2015,6.3,115,Comedy,Seth MacFarlane
602,Teenage Mutant Ninja Turtles,03/08/2014,2014,5.8,101,"Action, Adventure, Comedy, Sci-Fi",Jonathan Liebesman
603,Teenage Mutant Ninja Turtles: Out of the Shadows,22/05/2016,2016,6,112,"Action, Adventure, Comedy, Sci-Fi",Dave Green
604,The Terminator,26/10/1984,1984,8,107,"Action, Sci-Fi",James Cameron
605,Terminator 2: Judgment Day,01/07/1991,1991,8.5,137,"Action, Sci-Fi",James Cameron
606,Terminator 3: Rise of the Machines,30/06/2003,2003,6.3,109,"Action, Sci-Fi",Jonathan Mostow
607,Terminator Salvation,14/05/2009,2009,6.5,115,"Action, Adventure, Sci-Fi",McG
608,Terms of Endearment,20/11/1983,1983,7.4,132,"Comedy, Drama",James L. Brooks
609,The Addams Family,19/11/1991,1991,6.9,99,"Comedy, Fantasy",Barry Sonnenfeld
610,The Amazing Spider-Man,13/06/2012,2012,6.9,136,"Action, Adventure, Sci-Fi",Marc Webb
611,The Amazing Spider-Man 2,10/04/2014,2014,6.6,142,"Action, Adventure, Sci-Fi",Marc Webb
612,The Arrival,05/03/1996,1996,6.3,115,"Sci-Fi, Thriller",David Twohy
613,The Second Arrival,06/11/1998,1998,3.8,101,"Drama, Horror, Sci-Fi, Thriller",Kevin Tenney
614,The Avengers,11/04/2012,2012,8,143,"Action, Adventure, Sci-Fi",Joss Whedon
615,Avengers: Age of Ultron,13/04/2015,2015,7.3,141,"Action, Adventure, Sci-Fi",Joss Whedon
616,Avengers: Infinity War,23/04/2018,2018,8.5,149,"Action, Adventure, Sci-Fi","Anthony Russo, Joe Russo"
617,Avengers: Endgame,22/04/2019,2019,8.4,181,"Action, Adventure, Drama, Sci-Fi","Anthony Russo, Joe Russo"
618,The Best Exotic Marigold Hotel,30/11/2011,2011,7.2,124,"Comedy, Drama, Romance",John Madden
619,The Best Man Wedding,30/11/1998,1998,5.2,117,"Comedy, Romance",Malcolm D. Lee
620,The Best Man,02/09/1999,1999,6.8,120,"Comedy, Drama, Romance",Malcolm D. Lee
621,The Best Man Holiday,15/11/2013,2013,6.7,123,"Comedy, Drama",Malcolm D. Lee
622,The Boondock Saints,04/08/1999,1999,7.8,108,"Action, Crime, Thriller",Troy Duffy
623,The Boondock Saints II: All Saints Day,19/10/2009,2009,6.3,118,"Action, Crime, Thriller",Troy Duffy
624,The Bourne Identity,06/06/2002,2002,7.9,119,"Action, Mystery, Thriller",Doug Liman
625,The Bourne Supremacy,16/07/2004,2004,7.7,108,"Action, Mystery, Thriller",Paul Greengrass
626,The Bourne Ultimatum,25/07/2007,2007,8,115,"Action, Mystery, Thriller",Paul Greengrass
627,The Bourne Legacy,30/07/2012,2012,6.7,135,"Action, Adventure, Thriller",Tony Gilroy
628,The Butterfly Effect,17/01/2004,2004,7.6,113,"Drama, Sci-Fi, Thriller","J. Mackye Gruber, Eric Bress"
629,The Butterfly Effect 2,10/08/2006,2006,4.5,92,"Drama, Sci-Fi, Thriller",John R. Leonetti
630,The Butterfly Effect 3: Revelations,09/01/2009,2009,5.6,90,"Crime, Sci-Fi, Thriller",Seth Grossman
631,The Chronicles of Riddick,03/06/2004,2004,6.7,119,"Action, Adventure, Sci-Fi, Thriller",David Twohy
632,Riddick,28/08/2013,2013,6.4,119,"Action, Adventure, Sci-Fi, Thriller",David Twohy
633,The Collector,31/07/2009,2009,6.4,90,"Action, Crime, Horror, Thriller",Marcus Dunstan
634,The Collection,21/09/2012,2012,6.1,82,"Action, Adventure, Crime, Horror, Thriller",Marcus Dunstan
635,The Color of Money,08/10/1986,1986,7,119,"Drama, Sport",Martin Scorsese
636,The Conjuring,08/06/2013,2013,7.5,112,"Horror, Mystery, Thriller",James Wan
637,The Conjuring 2,13/05/2016,2016,7.3,134,"Horror, Mystery, Thriller",James Wan
638,The Conjuring: The Devil Made Me Do It,09/09/2020,2020,9,132,"Horror, Mystery, Thriller",Michael Chaves
639,The Crow,10/05/1994,1994,7.6,102,"Action, Drama, Fantasy",Alex Proyas
640,The Crow: City of Angels,30/08/1996,1996,4.7,84,"Action, Crime, Fantasy, Thriller",Tim Pope
641,The Crow: Salvation,23/01/2000,2000,4.9,102,"Action, Crime, Fantasy, Mystery, Thriller",Bharat Nalluri
642,The Crow: Wicked Prayer,03/06/2005,2005,3,99,"Action, Adventure, Comedy, Fantasy, Horror, Thriller",Lance Mungia
643,The Da Vinci Code,17/05/2006,2006,6.6,149,"Mystery, Thriller",Ron Howard
644,Angels & Demons,04/05/2009,2009,6.7,138,"Action, Mystery, Thriller",Ron Howard
645,The Dead,30/08/2010,2010,5.7,105,"Action, Adventure, Drama, Horror, Sci-Fi, Thriller","Jonathan Ford, Howard J. Ford"
646,The Dead 2: India,22/08/2013,2013,5.1,98,Horror,"Jonathan Ford, Howard J. Ford"
647,The Dead Pool,13/07/1988,1988,6.3,91,"Action, Crime, Mystery, Thriller",Buddy Van Horn
648,The Descent,11/03/2005,2005,7.2,99,"Adventure, Horror, Thriller",Neil Marshall
649,The Descent: Part 2,24/08/2009,2009,5.8,94,"Adventure, Horror, Thriller",Jon Harris
650,The Enforcer,16/12/1976,1976,6.8,96,"Action, Crime, Thriller",James Fargo
651,The Equalizer,07/09/2014,2014,7.2,132,"Action, Crime, Thriller",Antoine Fuqua
652,The Equalizer 2,19/07/2018,2018,6.7,121,"Action, Crime, Thriller",Antoine Fuqua
653,The Evening Star,05/12/1996,1996,5.9,129,"Comedy, Drama, Romance",Robert Harling
654,The Evil Dead,15/10/1981,1981,7.5,85,Horror,Sam Raimi
655,Evil Dead II,13/03/1987,1987,7.8,84,"Comedy, Horror",Sam Raimi
656,The Exorcist,26/12/1973,1973,8,122,Horror,William Friedkin
657,Exorcist II: The Heretic,17/06/1977,1977,3.8,117,Horror,John Boorman
658,The Exorcist III,17/08/1990,1990,6.4,110,"Drama, Horror, Mystery",William Peter Blatty
659,Exorcist: The Beginning,18/08/2004,2004,5.2,114,"Horror, Mystery, Thriller",Renny Harlin
660,The Last Exorcism,24/06/2010,2010,5.6,87,"Horror, Mystery, Thriller",Daniel Stamm
661,The Expendables,03/08/2010,2010,6.5,103,"Action, Adventure, Thriller",Sylvester Stallone
662,The Expendables 2,08/08/2012,2012,6.6,103,"Action, Adventure, Thriller",Simon West
663,The Fast and the Furious,18/06/2001,2001,6.8,106,"Action, Crime, Thriller",Rob Cohen
664,2 Fast 2 Furious,03/06/2003,2003,5.9,107,"Action, Crime, Thriller",John Singleton
665,The Fast and the Furious: Tokyo Drift,04/06/2006,2006,6,104,"Action, Crime, Thriller",Justin Lin
666,Fast & Furious,12/03/2009,2009,6.6,107,"Action, Thriller",Justin Lin
667,Fast Five,15/04/2011,2011,7.3,130,"Action, Adventure, Crime, Thriller",Justin Lin
668,The Final Conflict,20/03/1981,1981,5.6,108,Horror,Graham Baker
669,The Fly,15/08/1986,1986,7.6,96,"Drama, Horror, Sci-Fi",David Cronenberg
670,The Fly II,10/02/1989,1989,5.1,105,"Drama, Horror, Sci-Fi",Chris Walas
671,The Fox and the Hound,10/07/1981,1981,7.3,83,"Animation, Adventure, Drama, Family","Art Stevens, David Hand, Wolfgang Reitherman, Ted Berman, Richard Rich"
672,The French Connection,07/10/1971,1971,7.7,104,"Action, Crime, Drama, Thriller",William Friedkin
673,French Connection II,18/05/1975,1975,6.8,119,"Action, Crime, Drama, Thriller",John Frankenheimer
674,The Fugitive,29/07/1993,1993,7.8,130,"Action, Crime, Drama, Mystery, Thriller",Andrew Davis
675,The Godfather,14/03/1972,1972,9.2,175,"Crime, Drama",Francis Ford Coppola
676,The Godfather: Part II,12/12/1974,1974,9,202,"Crime, Drama",Francis Ford Coppola
677,The Godfather: Part III,20/12/1990,1990,7.6,162,"Crime, Drama",Francis Ford Coppola
678,The Grudge,12/10/2004,2004,5.9,91,"Horror, Mystery, Thriller",Takashi Shimizu
679,The Grudge 2,12/10/2006,2006,5.1,102,"Horror, Thriller",Takashi Shimizu
680,The Grudge 3,12/05/2009,2009,4.7,90,"Horror, Mystery, Thriller",Toby Wilkins
681,The Hangover,30/05/2009,2009,7.7,100,Comedy,Todd Phillips
682,The Hangover Part II,19/05/2011,2011,6.4,102,Comedy,Todd Phillips
683,The Hangover Part III,20/05/2013,2013,5.8,100,"Comedy, Crime",Todd Phillips
684,The Hills Have Eyes,15/06/1977,1977,6.3,90,"Horror, Thriller",Wes Craven
685,The Hills Have Eyes Part II,30/06/1984,1984,3.8,86,"Horror, Thriller",Wes Craven
686,The Hills Have Eyes,10/03/2006,2006,6.4,107,"Horror, Thriller",Alexandre Aja
687,The Hills Have Eyes II,16/03/2007,2007,5.1,89,"Horror, Thriller",Martin Weisz
688,The Hobbit: An Unexpected Journey,28/11/2012,2012,7.8,169,"Adventure, Family, Fantasy",Peter Jackson
689,The Hobbit: The Desolation of Smaug,02/12/2013,2013,7.8,161,"Adventure, Fantasy",Peter Jackson
690,The Hobbit: The Battle of the Five Armies,01/12/2014,2014,7.4,144,"Adventure, Fantasy",Peter Jackson
691,The Hunger Games,12/03/2012,2012,7.2,142,"Action, Adventure, Sci-Fi, Thriller",Gary Ross
692,The Hunger Games: Catching Fire,11/11/2013,2013,7.5,146,"Action, Adventure, Mystery, Sci-Fi, Thriller",Francis Lawrence
693,The Hunger Games: Mockingjay - Part 1,10/11/2014,2014,6.6,123,"Action, Adventure, Sci-Fi, Thriller",Francis Lawrence
694,The Hunger Games: Mockingjay - Part 2,04/11/2015,2015,6.5,137,"Action, Adventure, Sci-Fi, Thriller",Francis Lawrence
695,The Hustler,24/09/1961,1961,8,134,"Drama, Sport",Robert Rossen
696,Hulk,17/06/2003,2003,5.6,138,"Action, Sci-Fi",Ang Lee
697,The Incredible Hulk,06/06/2008,2008,6.7,112,"Action, Adventure, Sci-Fi",Louis Leterrier
698,The Incredibles,27/10/2004,2004,8,115,"Animation, Action, Adventure, Family",Brad Bird
699,Incredibles 2,05/06/2018,2018,7.6,118,"Animation, Action, Adventure, Comedy, Family, Sci-Fi",Brad Bird
700,The Jewel of the Nile,04/12/1985,1985,6.1,106,"Action, Adventure, Comedy, Romance",Lewis Teague
701,The Karate Kid 2,22/03/1982,1982,8.3,132,"Action, Drama",John G. Avildsen
702,The Karate Kid,22/06/1984,1984,7.2,126,"Action, Drama, Family, Sport",John G. Avildsen
703,The Karate Kid Part II,19/06/1986,1986,6,113,"Action, Family, Romance, Sport",John G. Avildsen
704,The Karate Kid Part III,15/04/1989,1989,5.2,112,"Action, Drama, Family, Sport",John G. Avildsen
705,The Karate Kid,07/06/2010,2010,6.2,140,"Action, Drama, Family, Sport",Harald Zwart
706,The King's Man,16/09/2020,2020,6.6,100,"Action, Adventure, Comedy, Crime, Thriller",Matthew Vaughn
707,The Lego Movie,01/02/2014,2014,7.7,100,"Animation, Action, Adventure, Comedy, Family, Fantasy","Christopher Miller, Phil Lord"
708,The Lego Movie 2: The Second Part,02/02/2019,2019,6.6,107,"Animation, Action, Adventure, Comedy, Family, Fantasy, Musical",Mike Mitchell
709,The Lion King,12/06/1994,1994,8.5,88,"Animation, Adventure, Drama, Family, Musical","Rob Minkoff, Roger Allers"
710,The Little Mermaid,13/11/1989,1989,7.6,83,"Animation, Family, Fantasy, Musical, Romance","Ron Clements, John Musker"
711,The Lord of the Rings: The Fellowship of the Ring,10/12/2001,2001,8.8,178,"Action, Adventure, Drama, Fantasy",Peter Jackson
712,The Lord of the Rings: The Two Towers,05/12/2002,2002,8.7,179,"Adventure, Drama, Fantasy",Peter Jackson
713,The Lord of the Rings: The Return of the King,01/12/2003,2003,8.9,201,"Adventure, Drama, Fantasy",Peter Jackson
714,The Marine,03/10/2006,2006,4.7,92,"Action, Comedy, Drama, Thriller",John Bonito
715,The Mask,28/07/1994,1994,6.9,101,"Action, Comedy, Crime, Fantasy",Chuck Russell
716,Son of the Mask,11/02/2005,2005,2.2,94,"Comedy, Family, Fantasy",Lawrence Guterman
717,The Mask of Zorro,17/07/1998,1998,6.7,136,"Action, Adventure, Comedy, Romance, Thriller, Western",Martin Campbell
718,The Legend of Zorro,24/10/2005,2005,6,129,"Action, Adventure, Romance, Thriller, Western",Martin Campbell
719,The Matrix,24/03/1999,1999,8.7,136,"Action, Sci-Fi","Lilly Wachowski, Lana Wachowski"
720,The Matrix Reloaded,07/05/2003,2003,7.2,138,"Action, Sci-Fi","Lilly Wachowski, Lana Wachowski"
721,The Matrix Revolutions,27/10/2003,2003,6.8,129,"Action, Sci-Fi","Lilly Wachowski, Lana Wachowski"
722,The Mechanic,13/01/2011,2011,6.6,93,"Action, Thriller",Simon West
723,Mechanic: Resurrection,22/08/2016,2016,5.7,98,"Action, Adventure, Thriller",Dennis Gansel
724,The Mummy,16/04/1999,1999,7,124,"Action, Adventure, Fantasy",Stephen Sommers
725,The Mummy Returns,29/04/2001,2001,6.3,130,"Action, Adventure, Fantasy, Thriller",Stephen Sommers
726,The Mummy: Tomb of the Dragon Emperor,24/07/2008,2008,5.2,112,"Action, Adventure, Fantasy, Horror, Thriller",Rob Cohen
727,The Muppet Movie,31/05/1979,1979,7.6,95,"Adventure, Comedy, Family, Musical",James Frawley
728,The Great Muppet Caper,26/06/1981,1981,7.2,97,"Adventure, Comedy, Crime, Family, Musical, Mystery",Jim Henson
729,The Muppets Take Manhattan,13/07/1984,1984,6.9,94,"Adventure, Comedy, Drama, Family, Musical, Romance",Frank Oz
730,Muppets from Space,14/07/1999,1999,6.3,87,"Adventure, Comedy, Family, Fantasy, Sci-Fi",Tim Hill
731,The Muppets,04/11/2011,2011,7.1,120,"Adventure, Comedy, Family, Musical",James Bobin
732,Muppets Most Wanted,11/03/2014,2014,6.4,107,"Adventure, Comedy, Crime, Family, Musical, Mystery",James Bobin
733,The Naked Gun: From the Files of Police Squad!,02/12/1988,1988,7.6,85,"Comedy, Crime",David Zucker
734,The Naked Gun 2½: The Smell of Fear,27/06/1991,1991,6.9,85,"Comedy, Crime",David Zucker
735,Naked Gun 33 1/3: The Final Insult,18/03/1994,1994,6.5,83,"Comedy, Crime",Peter Segal
736,The Next Karate Kid,03/08/1994,1994,4.4,107,"Action, Drama, Family, Romance, Sport",Christopher Cain
737,The Nutty Professor,27/06/1996,1996,5.6,95,"Comedy, Romance, Sci-Fi",Tom Shadyac
738,Nutty Professor II: The Klumps,24/07/2000,2000,4.4,106,"Comedy, Romance, Sci-Fi",Peter Segal
739,The Omega Code,27/08/1999,1999,3.6,100,"Action, Adventure, Fantasy, Sci-Fi, Thriller",Robert Marcarelli
740,The Omen,25/06/1976,1976,7.5,111,Horror,Richard Donner
741,The Pink Panther,19/01/2006,2006,5.7,93,"Adventure, Comedy, Crime, Family, Mystery",Shawn Levy
742,The Pink Panther 2,24/01/2009,2009,5.6,92,"Action, Adventure, Comedy, Crime, Family, Mystery",Harald Zwart
743,The Prince & Me,28/03/2004,2004,5.9,111,"Comedy, Family, Romance",Martha Coolidge
744,The Princess Diaries,29/07/2001,2001,6.3,111,"Comedy, Family, Romance",Garry Marshall
745,The Princess Diaries 2: Royal Engagement,07/08/2004,2004,5.8,113,"Comedy, Family, Romance",Garry Marshall
746,The Prophecy,31/03/1995,1995,6.5,98,"Action, Crime, Drama, Fantasy, Horror, Mystery, Thriller",Gregory Widen
747,The Punisher,12/04/2004,2004,6.4,124,"Action, Crime, Drama, Thriller",Jonathan Hensleigh
748,Punisher: War Zone,04/12/2008,2008,5.9,103,"Action, Crime, Drama, Thriller",Lexi Alexander
749,The Purge,02/05/2013,2013,5.7,85,"Horror, Thriller",James DeMonaco
750,The Purge: Anarchy,17/07/2014,2014,6.4,103,"Action, Horror, Sci-Fi, Thriller",James DeMonaco
751,The Purge: Election Year,29/06/2016,2016,6,108,"Action, Horror, Sci-Fi, Thriller",James DeMonaco
752,The Ring,02/10/2002,2002,7.1,115,"Horror, Mystery",Gore Verbinski
753,The Ring Two,17/03/2005,2005,5.4,110,"Horror, Mystery",Hideo Nakata
754,The Santa Clause,11/11/1994,1994,6.5,97,"Comedy, Drama, Family, Fantasy",John Pasquin
755,The Santa Clause 2,27/10/2002,2002,5.6,104,"Comedy, Family, Fantasy",Michael Lembeck
756,The Santa Clause 3: The Escape Clause,02/11/2006,2006,4.7,97,"Adventure, Comedy, Family, Fantasy",Michael Lembeck
757,The Scorpion King,15/04/2002,2002,5.5,92,"Action, Adventure, Fantasy",Chuck Russell
758,The Second Best Exotic Marigold Hotel,26/02/2015,2015,6.6,122,"Comedy, Drama",John Madden
759,The Secret Life of Pets,16/06/2016,2016,6.5,87,"Animation, Adventure, Comedy, Family","Yarrow Cheney, Chris Renaud"
760,The Secret Life of Pets 2,24/05/2019,2019,6.5,86,"Animation, Adventure, Comedy, Family","Chris Renaud, Jonathan del Val"
761,The Shining,23/05/1980,1980,8.4,146,"Drama, Horror",Stanley Kubrick
762,The Silence of the Lambs,30/01/1991,1991,8.6,118,"Crime, Drama, Thriller",Jonathan Demme
763,The Sisterhood of the Traveling Pants,31/05/2005,2005,6.5,119,"Comedy, Drama, Romance",Ken Kwapis
764,The Sisterhood of the Traveling Pants 2,06/08/2008,2008,6.2,119,"Comedy, Drama, Romance",Sanaa Hamri
765,The Talented Mr. Ripley,12/12/1999,1999,7.4,139,"Crime, Drama, Thriller",Anthony Minghella
766,The Texas Chainsaw Massacre 2,22/08/1986,1986,5.6,101,"Comedy, Horror",Tobe Hooper
767,The Return of the Texas Chainsaw Massacre,12/03/1995,1995,3.3,87,"Comedy, Horror, Thriller",Kim Henkel
768,The Texas Chainsaw Massacre,15/10/2003,2003,6.2,98,Horror,Marcus Nispel
769,The Texas Chainsaw Massacre: The Beginning,05/10/2006,2006,5.8,91,"Horror, Thriller",Jonathan Liebesman
770,The Transporter,02/10/2002,2002,6.8,92,"Action, Crime, Thriller","Corey Yuen, Louis Leterrier"
771,Transporter 2,03/08/2005,2005,6.3,87,"Action, Thriller",Louis Leterrier
772,Transporter 3,26/11/2008,2008,6.1,104,"Action, Thriller",Olivier Megaton
773,The Trip,30/09/2010,2010,7,112,"Comedy, Drama",Michael Winterbottom
774,The Trip to Italy,20/01/2014,2014,6.6,108,"Comedy, Drama",Michael Winterbottom
775,The Messengers,02/02/2007,2007,5.4,90,"Horror, Thriller","Danny Pang, Oxide Chun Pang"
776,Twilight,17/11/2008,2008,5.2,122,"Drama, Fantasy, Romance",Catherine Hardwicke
777,The Twilight Saga: New Moon,16/11/2009,2009,4.7,130,"Adventure, Drama, Fantasy, Romance",Chris Weitz
778,The Twilight Saga: Eclipse,30/06/2010,2010,5,124,"Adventure, Drama, Fantasy, Romance",David Slade
779,The Twilight Saga: Breaking Dawn - Part 1,30/10/2011,2011,4.9,117,"Adventure, Drama, Fantasy, Romance, Thriller",Bill Condon
780,The Twilight Saga: Breaking Dawn - Part 2,12/11/2012,2012,5.5,115,"Adventure, Drama, Fantasy, Romance",Bill Condon
781,The War of the Roses,04/12/1989,1989,6.8,116,"Comedy, Romance",Danny DeVito
782,The Whole Nine Yards,17/02/2000,2000,6.7,98,"Comedy, Crime",Jonathan Lynn
783,The Whole Ten Yards,07/04/2004,2004,5.5,98,"Comedy, Crime, Thriller",Howard Deutch
784,The Woman in Black,24/01/2012,2012,6.4,95,"Drama, Fantasy, Horror, Thriller",James Watkins
785,The Woman in Black 2: Angel of Death,30/12/2014,2014,4.8,98,"Drama, Horror, Thriller",Tom Harper
786,The X Files,19/06/1998,1998,7,121,"Drama, Mystery, Sci-Fi, Thriller",Rob Bowman
787,The X Files: I Want to Believe,24/07/2008,2008,5.9,104,"Crime, Drama, Horror, Mystery, Sci-Fi, Thriller",Chris Carter
788,Think Like a Man,10/02/2012,2012,6.6,122,"Comedy, Romance",Tim Story
789,Think Like a Man Too,20/06/2014,2014,5.8,106,"Comedy, Romance",Tim Story
790,Thor,17/04/2011,2011,7,115,"Action, Adventure, Fantasy",Kenneth Branagh
791,Thor: The Dark World,22/10/2013,2013,6.9,112,"Action, Adventure, Fantasy",Alan Taylor
792,Thor: Ragnarok,10/10/2017,2017,7.9,130,"Action, Adventure, Comedy, Fantasy, Sci-Fi",Taika Waititi
793,Toy Story,19/11/1995,1995,8.3,81,"Animation, Adventure, Comedy, Family, Fantasy",John Lasseter
794,Toy Story 2,13/11/1999,1999,7.9,92,"Animation, Adventure, Comedy, Family, Fantasy","John Lasseter, Lee Unkrich, Ash Brannon"
795,Toy Story 3,12/06/2010,2010,8.3,103,"Animation, Adventure, Comedy, Family, Fantasy",Lee Unkrich
796,Toy Story 4,11/06/2019,2019,7.8,100,"Animation, Adventure, Comedy, Family, Fantasy",Josh Cooley
797,Trainspotting,23/02/1996,1996,8.1,93,Drama,Danny Boyle
798,T2 Trainspotting,22/01/2017,2017,7.2,117,Drama,Danny Boyle
799,Transformers,12/06/2007,2007,7,144,"Action, Adventure, Sci-Fi",Michael Bay
800,Transformers: Revenge of the Fallen,08/06/2009,2009,6,149,"Action, Adventure, Sci-Fi",Michael Bay
801,Transformers: Dark of the Moon,23/06/2011,2011,6.2,154,"Action, Adventure, Sci-Fi",Michael Bay
802,Transformers: Age of Extinction,19/06/2014,2014,5.6,165,"Action, Adventure, Sci-Fi",Michael Bay
803,Transformers: The Last Knight,18/06/2017,2017,5.2,154,"Action, Adventure, Sci-Fi",Michael Bay
804,Tremors,19/01/1990,1990,7.1,96,"Comedy, Horror",Ron Underwood
805,Trois couleurs: Bleu,03/09/1993,1993,7.9,94,"Drama, Music, Mystery, Romance",Krzysztof Kieslowski
806,Trois couleurs: Blanc,26/01/1994,1994,7.6,92,"Comedy, Drama, Romance",Krzysztof Kieslowski
807,Trois couleurs: Rouge,16/05/1994,1994,8.1,99,"Drama, Mystery, Romance",Krzysztof Kieslowski
808,Tropa de Elite,17/08/2007,2007,8.1,115,"Action, Crime, Drama, Thriller",José Padilha
809,Tropa de Elite 2: O Inimigo Agora é Outro,08/10/2010,2010,8,115,"Action, Crime, Drama, Thriller",José Padilha
810,Turbulence,10/01/1997,1997,4.9,100,"Action, Thriller",Robert Butler
811,Turbulence 2: Fear of Flying,01/09/1999,1999,4.2,101,"Action, Thriller",David Mackay
812,U.S. Marshals,06/03/1998,1998,6.6,131,"Action, Crime, Thriller",Stuart Baird
813,Unbreakable,14/11/2000,2000,7.3,106,"Drama, Mystery, Sci-Fi, Thriller",M. Night Shyamalan
814,Under Siege,09/10/1992,1992,6.5,103,"Action, Thriller",Andrew Davis
815,Under Siege 2: Dark Territory,14/07/1995,1995,5.5,100,"Action, Thriller",Geoff Murphy
816,Underworld,08/09/2003,2003,7,121,"Action, Fantasy, Thriller",Len Wiseman
817,Underworld: Evolution,12/01/2006,2006,6.7,106,"Action, Fantasy, Thriller",Len Wiseman
818,Underworld: Rise of the Lycans,22/01/2009,2009,6.6,92,"Action, Fantasy",Patrick Tatopoulos
819,Underworld Awakening,19/01/2012,2012,6.4,88,"Action, Fantasy, Horror","Björn Stein, Måns Mårlind"
820,Undisputed,31/05/2002,2002,6.2,94,"Action, Crime, Drama, Sport",Walter Hill
821,Universal Soldier,10/07/1992,1992,6,102,"Action, Sci-Fi",Roland Emmerich
822,Universal Soldier: The Return,04/07/1999,1999,4.2,83,"Action, Sci-Fi",Mic Rodgers
823,Universal Soldier: Regeneration,01/10/2009,2009,5.2,97,"Action, Adventure, Sci-Fi",John Hyams
824,Universal Soldier: Day of Reckoning,23/08/2012,2012,5,114,"Action, Horror, Mystery, Sci-Fi, Thriller",John Hyams
825,Urban Legend,25/09/1998,1998,5.6,99,"Horror, Mystery, Thriller",Jamie Blanks
826,Urban Legends: Final Cut,19/09/2000,2000,4.3,97,"Horror, Mystery, Thriller",John Ottman
827,Vacancy,20/04/2007,2007,6.2,85,"Horror, Thriller",Nimród Antal
828,Vacancy 2: The First Cut,24/10/2008,2008,5,86,"Horror, Thriller",Eric Bross
829,Walking Tall,22/02/1973,1973,7,125,"Action, Biography, Crime, Drama, Thriller",Phil Karlson
830,Walking Tall Part II,28/09/1975,1975,6.2,109,"Action, Biography, Crime, Drama, Thriller",Earl Bellamy
831,Final Chapter: Walking Tall,10/08/1977,1977,5.9,112,"Action, Crime, Drama",Jack Starrett
832,Walking Tall,29/03/2004,2004,6.3,86,"Action, Crime",Kevin Bray
833,Wall Street,11/12/1987,1987,7.4,126,"Crime, Drama",Oliver Stone
834,Wall Street: Money Never Sleeps,14/05/2010,2010,6.2,133,Drama,Oliver Stone
835,War for the Planet of the Apes,07/07/2017,2017,7.4,140,"Action, Adventure, Drama, Sci-Fi, Thriller",Matt Reeves
836,Wayne's World,14/02/1992,1992,7,94,"Comedy, Music",Penelope Spheeris
837,Wayne's World 2,10/12/1993,1993,6.2,95,"Comedy, Music",Stephen Surjik
838,Wes Craven's New Nightmare,31/08/1994,1994,6.4,112,"Fantasy, Horror, Mystery, Thriller",Wes Craven
839,White Noise,07/01/2005,2005,5.5,101,"Drama, Horror, Mystery, Thriller",Geoffrey Sax
840,White Noise 2: The Light,05/01/2007,2007,5.7,99,"Drama, Fantasy, Horror, Thriller",Patrick Lussier
841,Wild Things,20/03/1998,1998,6.5,108,"Crime, Drama, Mystery, Thriller",John McNaughton
842,Wishmaster,19/09/1997,1997,5.8,90,"Fantasy, Horror",Robert Kurtzman
843,Wrath of the Titans,28/03/2012,2012,5.7,99,"Action, Adventure, Fantasy",Jonathan Liebesman
844,Wreck-It Ralph,01/11/2012,2012,7.7,101,"Animation, Adventure, Comedy, Family, Fantasy",Rich Moore
845,Ralph Breaks the Internet,05/11/2018,2018,7.1,112,"Animation, Adventure, Comedy, Family, Fantasy","Rich Moore, Phil Johnston"
846,Wrong Turn,30/05/2003,2003,6.1,84,Horror,Rob Schmidt
847,X-Men,12/07/2000,2000,7.4,104,"Action, Adventure, Sci-Fi",Bryan Singer
848,X2,24/04/2003,2003,7.4,134,"Action, Sci-Fi, Thriller",Bryan Singer
849,X-Men: The Last Stand,22/05/2006,2006,6.7,104,"Action, Adventure, Sci-Fi",Brett Ratner
850,X-Men Origins: Wolverine,08/04/2009,2009,6.6,107,"Action, Adventure, Sci-Fi",Gavin Hood
851,X: First Class,25/05/2011,2011,7.7,131,"Action, Adventure, Sci-Fi",Matthew Vaughn
852,The Wolverine,16/07/2013,2013,6.7,126,"Action, Adventure, Sci-Fi",James Mangold
853,X-Men: Days of Future Past,10/05/2014,2014,8,132,"Action, Adventure, Sci-Fi, Thriller",Bryan Singer
854,Young Guns,10/08/1988,1988,6.9,107,"Action, Western",Christopher Cain
855,Young Guns II,30/07/1990,1990,6.5,104,"Action, Western",Geoff Murphy
856,Zombieland,25/09/2009,2009,7.6,88,"Adventure, Comedy, Fantasy, Sci-Fi",Ruben Fleischer
857,Zombieland: Double Tap,09/10/2019,2019,6.7,99,"Action, Comedy, Horror",Ruben Fleischer
858,Zoolander,28/09/2001,2001,6.5,90,Comedy,Ben Stiller
859,Zoolander 2,01/02/2016,2016,4.7,101,"Action, Adventure, Comedy, Mystery, Romance",Ben Stiller
860,[Rec],29/08/2007,2007,7.4,78,"Action, Adventure, Fantasy, Horror, Sci-Fi, Thriller","Jaume Balagueró, Paco Plaza"
861,[Rec]²,02/09/2009,2009,6.5,85,"Action, Adventure, Fantasy, Horror, Sci-Fi, Thriller","Jaume Balagueró, Paco Plaza"
862,[Rec]³: Génesis,09/03/2012,2012,5,80,"Action, Comedy, Horror, Romance, Sci-Fi, Thriller",Paco Plaza
863,[REC] 4: Apocalipsis,09/09/2014,2014,5.3,95,"Action, Adventure, Fantasy, Horror, Sci-Fi, Thriller",Jaume Balagueró
864,xXx,09/08/2002,2002,5.9,124,"Action, Adventure, Thriller",Rob Cohen
865,xXx: State of the Union,27/04/2005,2005,4.4,101,"Action, Adventure, Crime, Sci-Fi, Thriller",Lee Tamahori
